大項目,中項目,名前,染色体,腕,対になるステ,高いといい面,高いと悪い面,相互関係でさらにいい面,相互関係でさらに悪い面,レア度,努力値の閾値,伸びしろ,遺伝方式,遺伝率の基準値,性別限定,他のステへの影響,他の枠への影響
からだ,力,最大筋力,1番,A,敏捷,鍬で一日に起こせる畑の面積が増える。斧の一撃で丸太を割り切れる。組み打ちで相手を押し倒せる。石臼・材木・荷車を一人で動かせるので普請の人手が減る。与える傷が深くなる。,一日に食う量が増え不作の年に真っ先に痩せる。力任せに扱うので鍬の柄と鋤の刃を折る回数が増え道具代が出ていく。腱と腰を痛めて古傷が残りやすい。,骨太さも高いと関節が力に耐え四十を過ぎても腰が抜けない。度胸も高いと前線で崩れず隊列が保つ。手先の器用さも高いと鍛冶の大槌が正確に落ちて鉄を無駄にしない。,忍耐が低いと諍いで相手を殺してしまい遺族の恨みが残る。理解の速さが低いと荒事の道具としてしか使われず役職が付かない。体重も高いと兵糧を二人分食い長い遠征で部隊の足を引っ張る。,C,なし,大きい,中間遺伝,中,なし,敏捷と持久力にマイナス（筋が重い）。打たれ強さにプラス。飢えへの強さの実効を下げる（維持に要る飯が多い）。,スキル：耕作・伐採・鍛冶・戦の技の閾値を通す。ポジション：兵と普請の役に選ばれやすい。財：日雇いの手間賃が高く付く。しがらみ：力仕事の貸し借りで村内に恩の線が張る。
からだ,力,瞬発力,1番,A,持久力,槍の初手が相手の構えより先に届く。組み打ちの投げが決まる。猪と鹿に飛びかかる間合いが伸びる。城壁の梯子を一息で登り切る。,一息で使い切る体なので同じ動作を半日続けられず田植えと脱穀の総量では劣る。腱と筋を切る大怪我をしやすく古傷になりやすい。,反射も高いと不意打ちを返せる。柔軟性も高いと踏み込みで筋を切らない。,持久力が低いと三度目の突撃で動けなくなり殿を務められない。慎重が低いと出足で突出して隊列から離れ討ち取られる。,B,中,小さい,中間遺伝,中,なし,持久力と競合し高いほど持久力の伸びしろが狭い。短い距離の走力にプラス。,スキル：槍・組み打ち・狩りの追い込み。ポジション：先陣と使番に選ばれる。
からだ,力,握力,4番,A,手先の器用さ,弓の弦を引き絞ったまま狙いを付けていられる。船の綱と荷縄を手放さない。斧と槌が手の中で滑らない。相手の武器を掴んでもぎ取れる。暴れる牛馬の手綱を制せる。,手のひらが硬く厚くなり細工物の手触りが鈍る。握り締める癖で指の関節が早く固まり老いてから指が伸びない。,手の大きさも高いと大きな石と壺を片手で扱える。息の長さも高いと弓を引いたまま息を止めて狙いが静まる。,手先の器用さが低いと力で握り潰して細工物と土器を壊す。痛覚の鈍さも高いと手のひらが裂けても握り続けて傷が膿む。,E,なし,大きい,中間遺伝,やや低い,なし,手先の器用さの細かい作業にはマイナス（力が抜けない）。最大筋力の実際の発揮に効く。,スキル：弓・綱・鍛冶・船。財：漁と荷役の稼ぎ。
からだ,力,体幹,1番,A,なし,重い荷を背負って坂を下れる。盾で受けても足の位置が動かない。馬上で体が跳ねないので鞍の上から矢を射られる。腰を痛めずに一日鍬を振れる。,芯が強いので無理が利き限界を越えて働き腰と内臓を壊すまで自分で気づかない。,平衡感覚も高いと屋根と足場の上で両手を使う仕事ができる。最大筋力も高いと荷車一台分を一人で持ち上げられる。,柔軟性が低いと硬いまま踏ん張って腰の骨をやられ二度と重い物を持てない。忍耐が高いと限界まで働き続けて壊れる。,D,なし,大きい,中間遺伝,やや低い,なし,平衡感覚と走力にプラス。無駄な力を使わないので疲労の抜けやすさに間接的にプラス。,スキル：荷役・騎乗・大工。ポジション：普請の役。
からだ,力,打たれ強さ,3番,A,容姿,棍棒と拳を受けても倒れない。落馬しても骨が折れない。刃が骨に達しても即死しない。牛に蹴られても立てる。,倒れないので殴られ続ける。傷が浅く見えるので手当てが後回しになり内側で膿む。喧嘩で負けないので諍いの場に立たされ続け恨みが集まる。,骨太さも高いと骨が折れる前に相手の棒が折れる。傷の治りも高いと毎度の打ち身が翌日に残らない。,痛覚の鈍さも高いと肋が折れたまま働き続けて肺をやられる。度胸も高いと退かないので囲まれて死ぬ。,B,低い,中,中間遺伝,中,なし,敏捷にマイナス（重く厚い体）。傷の治りとは別で受ける傷の深さそのものを減らす。,ポジション：前列の兵と門番。しがらみ：喧嘩の仲裁を頼まれ貸しが増える。
からだ,続ける力,持久力,1番,B,瞬発力,夜明けから日暮れまで鍬を止めずに振れる。一日で隣村まで荷を運んで帰れる。鹿を歩き続けて追い詰められる。行軍で落伍しない。,止まらずに働けるので他人より多く働かされる。体が痩せて力の伸びしろを食う。脂が乗らないので飢饉の年に蓄えが体に無い。,疲労の抜けやすさも高いと連日の遠征でも翌朝に戻る。勤勉も高いと村一番の収穫を出す。,体重が低いと飢えたときに燃やす物が無く行軍で先に落ちる。従順が高いと断れずに働き続け若いうちに体を壊す。,C,なし,大きい,中間遺伝,中,なし,瞬発力と最大筋力の伸びしろを狭める。脂を溜めないので飢えへの強さの実効を下げる。,スキル：耕作・行軍・追い狩り。財：日雇いで年に一番稼ぐ。ポジション：伝令と輜重。
からだ,続ける力,疲労の抜けやすさ,1番,B,なし,一晩寝れば前日の重労働が残らない。連戦の三日目でも動きが鈍らない。病み上がりから畑に戻るのが早い。,疲れが残らないので働き詰めになり体が出す警告を受け取れない。休む口実が無く周りも休ませない。,必要睡眠が低いと一日に使える時間が他人より長い。持久力も高いと収穫期のひと月を通して速度が落ちない。,勤勉も高いと休みを取らず四十前に体が終わる。痛覚の鈍さも高いと壊れかけていることに誰も気づけない。,B,中,小さい,中間遺伝,やや低い,なし,老いの速さにマイナス。傷の治りと並んで働くが別物（あちらは傷そのもの）。,財：働ける日数が多く年の稼ぎが増える。ポジション：常備の兵に向く。
からだ,続ける力,必要睡眠,2番,A,なし,深く長く眠るので前日の疲れと傷が確実に抜ける。眠り足りた者は鎌と斧で自分を切らない。眠りの浅い者より病を貰いにくい。よく眠る者ほど老いが遅い。,一日に使える時間が短い。夜番と夜通しの見張りが務まらない。夜明け前の漁と刈り入れに出られない。夜襲で真っ先に寝込みを襲われる。,傷の治りも高いと大怪我からの戻りが極端に早い。忍耐も高いと眠りを削らずに済むよう段取りを組んで体を保つ。,勤勉も高いと眠りを削って体と仕事の両方を失う。度胸が高いと夜番を買って出て寝不足のまま朝の判断を誤る。,D,なし,ほぼゼロ,中間遺伝,中,なし,眠り不足の日は反射・集中・想起の速さが大きく落ちる（低い者は落ちない）。老いの速さにマイナス。,ポジション：夜番と見張りの役から外れる（低い者が夜の仕事を独占する）。しがらみ：夜に人と会えないので密談の輪に入れない。
からだ,続ける力,息の長さ,1番,B,なし,水に潜って貝と沈んだ荷を引き上げられる。坂を駆け上がっても声が出るので隊に号令できる。弓を引き絞る間だけ息を止めて狙いが静まる。煙と埃の中で咳き込まずに動ける（火事場と坑道）。,息を止めて無理をするので目の前が暗くなって倒れる。潜り仕事と坑道仕事に回されやすく肺と耳を痛める。,平衡感覚も高いと水中で上下を見失わない。声も高いと戦場の端まで号令が届く。,度胸が高いと潜りすぎて上がってこない。三半規管が低いと水中で方向を失って溺れる。,D,低い,中,中間遺伝,中,なし,走力と持久力の実際の発揮に効く。弓を構える間の手先の器用さを保つ。,スキル：潜り漁・坑道・弓。ポジション：伝令（声が届く）。財：貝と真珠。
からだ,速さ,走力,1番,B,体重,隣村への報せが半日早く着く。獲物を追い切れる。負け戦で生きて帰れる。追う側なら逃げる者を捕らえられる。,逃げ足が速いと味方が崩れたとき最初に離脱してしまい臆病者と見られる。使番に取られて畑を離れる日が増える。,持久力も高いと一日で二つの村を回れる（報せが集まる）。夜目も高いと夜通し走れる。,度胸が低いと敵を見た瞬間に走り出し隊列を崩す。空間把握が低いと速いだけで道を誤り遠回りする。,C,低い,中,中間遺伝,やや低い,なし,逃走時の生存に直結する。体重と骨太さが高いと打ち消される。,情報：伝令として村々の報せを最初に知る。ポジション：伝令と斥候。しがらみ：報せを運ぶので各村に顔が利く。
からだ,速さ,敏捷,1番,B,最大筋力,振り下ろされた刃を半歩でかわす。狭い足場と屋根の上を渡れる。夜に忍び込んで気づかれずに出られる。転びかけても立て直す。,身軽さゆえに盗みと忍びの仕事に引き込まれやすく捕まれば手を落とされる。軽い体は組み打ちで押し負ける。,反射も高いと一対多でも囲まれる前に抜ける。体重が低いと屋根と塀を音を立てずに越える。,最大筋力が高いと体が重くなって打ち消し合う。貪欲が高いと盗みに手を出して村を追われる。,B,中,中,中間遺伝,やや低い,なし,体重・最大筋力・打たれ強さ・骨太さが高いほど下がる。,スキル：忍び・盗み・軽装の戦い。身分：盗みで捕まれば身分を落とす。ポジション：斥候と諜報の役。
からだ,速さ,反射,1番,B,なし,飛んできた矢と石を見てから避けられる。落ちてきた梁の下から逃れる。馬が暴れた瞬間に手綱を締める。刃の合わせで先に手が出る。,体が先に動くので考える前に手が出て殴るつもりのない相手を殴る。罠と待ち伏せには速さが効かず速い者ほど油断する。,視力も高いと遠い矢を見てから動ける。瞬発力も高いと避けた次の一手が入る。,忍耐が低いと反射で手が出て諍いが増える。必要睡眠が高く眠り足りない日は反射だけが極端に落ちて事故を起こす。,A,高い,小さい,中間遺伝,中,なし,敏捷と平衡感覚と組んで働く。老いで最も早く落ちるものの一つ。,スキル：剣・盾・騎乗。ポジション：護衛。
からだ,速さ,平衡感覚,1番,B,なし,屋根・梯子・足場・船縁の上で両手が使える。荷を担いだまま丸木橋を渡る。馬上で体が流れない。凍った道で転ばない。,高い所と船の上の仕事を任され落ちれば死ぬ場所に立たされ続ける。,体幹も高いと屋根葺きと帆柱の仕事ができる。三半規管も高いと荒れた海の上でも働ける。,視力が低いと足元が見えず高所の利点が消える。酒への強さが低いと酔った日に屋根から落ちる。,C,低い,大きい,中間遺伝,中,なし,走力と敏捷に効く。三半規管とは別（こちらは姿勢の制御・あちらは酔いにくさ）。,スキル：大工・屋根葺き・船・騎乗。ポジション：普請の役。
からだ,速さ,柔軟性,1番,B,骨太さ,腰を深く落として一日中草を刈っても腰が固まらない。狭い坑道と穴倉に体を入れられる。転んでも筋を切らない。組み打ちで極められても抜ける。,関節が緩いので重い物を受けたときに肩と膝が外れる。年を取ると腰が定まらず立ち仕事が続かない。,手先の器用さも高いと無理な姿勢のまま細かい仕事を続けられる。体幹も高いと柔らかいのに芯が通る。,最大筋力も高いと関節が力に負けて外れる。打たれ強さが低いと柔らかい体に衝撃がそのまま通る。,E,なし,大きい,中間遺伝,低い,なし,筋と腱の怪我を負う確率を下げる。骨太さが高いと打ち消される。,スキル：坑道・草刈り・組み打ち・機織り。
からだ,手,手先の器用さ,4番,B,握力,鏃と矢羽根を狂いなく作れる（矢の当たりが変わる）。糸を細く均一に紡げるので織った布が高く売れる。骨接ぎと縫合ができる。鍵と錠と馬具と蹄鉄を作れる。字が読める形に書ける。,細工の仕事に固定され力仕事と戦の場数を踏まないので体が育たない。細かい物が見えなくなる四十過ぎに稼ぎが一気に崩れる。,視力も高いと精度が一段上がり職人として名が残る。集中も高いと一日座って同じ精度を保てる。,握力が高いと力が抜けず細い物を潰す。忍耐が低いと途中で放り出して仕掛かりの材料を無駄にする。,A,中,大きい,中間遺伝,やや低い,なし,手の大きさが大きすぎると細工では頭打ちになる。視力と組んで効く。,スキル：鍛冶・織り・矢作り・木工・手当て・書字。財：手仕事は畑より現金になる。身分：職人として平民の上の層に上がれる。ポジション：職人頭。
からだ,手,手の大きさ,4番,A,なし,大きな石と壺と材木を片手で掴んで運べる。斧と大槌の柄を余らせずに握れる。相手の手首と喉を掴んで極められる。牛の産で腕を入れて子の向きを直せる。,細い糸と小さな鏃を扱えない。狭い隙間と壺の口に手が入らない。籠手と手袋が既製では合わず装備の費用が余計に掛かる。,握力も高いと大弓と大槌を扱える。身長も高いと体との釣り合いが取れて力が乗る。,手先の器用さが高くても手が大きすぎると細工の精度に天井ができる。,F,非常に高い,ほぼゼロ,中間遺伝,高い,なし,握力にプラス。手先の器用さの細かい作業に上限を作る。,スキル：大槌・大弓・牛馬の産の手伝い。財：装備の作り直し代。
からだ,手,利き手・両利き,4番,B,なし,右手を傷めても左で鍬と剣が振れる（片腕を失っても仕事が続く）。左からの一撃は相手の盾の外から来るので防ぎにくい。二人並んで刈るとき隣と鎌がぶつからない。,村の道具はすべて右手向けに作られているので鎌・鋤・鋏が手に合わず作り直させる。左に寄る者は不吉と見られ縁組で嫌われる。剣を並べる集団の訓練で隊列を乱す。,反射も高いと相手が読めない側から手が出る。手先の器用さも高いと片手を失っても職人を続けられる。,信心が高い村では左に寄る者が忌まれ祭祀の役から外される。序列意識が高い上役の下では揃わない者として外される。,AA,高い,中,中間遺伝,低い,なし,片腕を失う大怪我のあとの実効値の落ち方を大きく変える。剣と弓の技の伸び方を変える。,しがらみ：縁組で忌まれる。ポジション：祭祀の役から外れる。財：専用の道具代が要る。スキル：剣の技に補正。
からだ,体つき,身長,1番,A,なし,槍と剣の間合いが広い。深い川と雪を渡れる。高い枝の実と屋根の仕事に届く。遠くまで見渡せる。並んだとき人目に立って覚えられる。,食う量が増える。矢と投石の的として大きく隊列で真っ先に狙われる。低い戸口と坑道と船倉で頭を打ち狭い場所の仕事ができない。飢饉の年に育った大柄は骨だけ長くて中身が伴わない。,骨太さも高いと大柄がそのまま力に変わる。容姿も高いと一目で人の上に立つ者に見え抜擢される。,敏捷が低いと大きくて鈍い的になる。飢えへの強さが低いと不作の年に真っ先に落ちる。,B,なし,小さい,中間遺伝,高い,なし,リーチ・体重・肩幅を押し上げる。敏捷にマイナス。要る飯が多いので飢えへの強さの実効を下げる。,ポジション：兵と門番と見張りに選ばれやすい。身分：背の高い者は上に見られ寄合で発言が通る。しがらみ：縁組で選ばれやすい。財：食い扶持が高くつく。
からだ,体つき,骨太さ,1番,A,柔軟性,骨が折れにくいので落馬と打撃と転落で死なない。重い鎧と荷に骨格が耐える。年を取っても腰と膝が潰れない。,体が重くなるので走力と敏捷が落ちる。水に入れば沈む。飯が要る。骨が太い分だけ関節の可動が狭く柔軟性が伸びない。,最大筋力も高いと力が骨に支えられて四十過ぎても落ちない。打たれ強さも高いと棒で打たれても骨まで通らない。,走力が低いと重い体で逃げられず討たれる。柔軟性が低いと硬い体が衝撃を逃がせず関節を壊す。,C,なし,小さい,中間遺伝,高い,なし,打たれ強さと最大筋力にプラス。敏捷と柔軟性と走力にマイナス。老いの速さにマイナス（骨が保つ）。,ポジション：重装の兵。スキル：泳ぎに不利。財：鎧と装具が重く高くつく。
からだ,体つき,リーチ,1番,A,なし,槍と剣が相手より先に届く（同じ腕力でも先に当たる）。高い棚と枝に届く。井戸と溝の底に手が届く。畑で一歩あたりに刈れる幅が広い。,腕が長い分だけ組み打ちで内側に入られると何もできない。狭い場所で肘が当たる。既製の袖と籠手が合わない。,最大筋力も高いと長い腕に力が乗り一撃が重い。反射も高いと届く距離で先に手が出る。,敏捷が低いと間合いを詰められたときに逃げられない。度胸が低いと長い間合いに頼って踏み込めず決め手を欠く。,D,非常に高い,ほぼゼロ,中間遺伝,高い,なし,身長から強く影響を受けるが独立に振れる。てこが長いので握力の発揮に不利。,スキル：槍と弓（引き尺が取れる）。ポジション：長柄の隊。
からだ,体つき,肩幅,1番,A,なし,天秤と背負子で運べる量が増える。弓を引く背中の筋が付く土台になる。押し合いで押し負けない。見た目に頑丈で人が付いて来る。,狭い坑道と壁の隙間を通れない。矢の的として広い。既製の胴着と鎧が合わず作り直しが要る。,最大筋力も高いと押し合いで敵の隊列を割れる。骨太さも高いと重装の鎧を着られる。,体重が低いと肩だけ広くて中身が無く見かけ倒しになる。敏捷が低いと大きい的のまま動けない。,D,なし,小さい,中間遺伝,高い,なし,最大筋力と握力の土台になる。敏捷にマイナス。,スキル：荷役・弓・櫂。財：荷運びの手間賃。ポジション：重装の兵。
からだ,体つき,体重,1番,A,走力,押し合いと組み打ちで押し負けない。冬と飢饉に燃やす脂がある（三週間長く保つ）。寒さに強い。衝撃で吹き飛ばされない。,走力と敏捷と持久力が落ちる。梯子と屋根と氷と小舟が体重で壊れるので乗れない場所がある。食う量が増える。夏の行軍で倒れる。,最大筋力も高いと組み打ちで相手を潰せる。飢えへの強さも高いと二年続きの不作を越えられる。,暑さへの強さが低いと夏の遠征で自分の体で茹だる。走力が低いと逃げられず討たれる。膝と心の臓に来て老いの速さが上がる。,D,なし,大きい,中間遺伝,やや低い,なし,敏捷・走力・持久力・暑さへの強さにマイナス。寒さへの強さ・飢えへの強さ・打たれ強さにプラス。,財：太っていること自体が富の証になり縁組と信用に効く。しがらみ：飢饉の村で太っている者は隠し持っていると疑われる。
からだ,体つき,声,5番,B,なし,遠くまで届き風と喧噪の中でも通る。戦場で号令の届く範囲が広い。歌と語りで人の心を動かす。低く落ち着いた声は同じ言葉でも重く聞こえる。,目立つ上に潜められない。夜の斥候と待ち伏せに使えない。よく通る声は揉め事の場で真っ先に相手の的になる。語り手として重宝されると他の仕事に就けなくなる。,弁舌も高いと大勢を一度に動かせる。息の長さも高いと長い語りと長い号令が続き隊を最後まで保たせる。,度胸が低いとよく通る声で震えまで伝わり隊の士気を折る。場を読むが低いと静かにすべき場で声が響き無礼として咎められる。,E,高い,小さい,中間遺伝,高い,なし,喉の作りと息の長さと肩幅で決まる（依存先は1番染色体だが本体は5番に載る）。弁舌の効く人数を決める。歯の丈夫さが落ちると音が抜ける。喉の作りは訓練で変わらず伸びるのは使い方だけ。,スキル：歌・語り・号令。ポジション：隊の指揮と触れ役。しがらみ：声のする所に人が集まる。
からだ,体つき,容姿,3番,B,打たれ強さ,初対面の相手が話を聞く（同じ言葉でも通り方が違う）。縁組で上の家から選ばれる。使者と給仕と侍女に選ばれ主人の近くに置かれる。市で値切りが通る。,主人と有力者の目に留まり望まない相手の側に召し上げられる（拒めば家ごと潰れる）。顔で選ばれたと見なされて実務の役が回ってこない。戦で捕虜として売値が付くので殺されず攫われる。老いて容姿が落ちたときそれだけで立場を失う。,弁舌も高いと交渉の場で相手が折れる。場を読むも高いと近侍として主人に食い込む。,嫉妬が高い者が周りにいると讒言で潰される。色欲も高いと不義の線が増えて村の恨みを買う。従順が高いと召し上げに抗えず一族の道具になる。,AA,高い,小さい,中間遺伝,中,なし,老いの速さと歯の丈夫さと病への強さの影響を年とともに受ける（ただし導出ではなく独立したステ）。,しがらみ：縁組・恋・不義・妬みの線が最も多く付く。身分：上の階級に嫁ぎ子の身分が上がる。ポジション：主人の近くの役。情報：主人の近くにいるので秘密を最も早く知る。財：持参金と身請け金が高い。
からだ,五感,視力,5番,A,聴力,遠くの人影を敵か味方か見分けられる（村への奇襲を半日早く知る）。矢の先の的が見える。麦の病斑と虫を早く見つけられる。細工物の粗が見える。文字を追える。,遠くまで見えるので見張りと斥候に固定され危ない場所に置かれる。仲間の粗まで見えるので指摘して煙たがられる。,観察も高いと見たものから何が起きたかまで読める。手先の器用さも高いと細工の精度が跳ね上がる。,夜目が低いと昼だけの斥候になり夜襲を見逃す。色の見分けが低いと遠くの旗の色を取り違えて味方を敵と報せる。,C,高い,ほぼゼロ,中間遺伝,やや高い,なし,反射と手先の器用さの発揮に効く。老いで最も確実に落ちる（四十過ぎに近くが見えなくなる）。,ポジション：斥候・見張り・弓兵。スキル：弓・細工・書字。情報：遠くの動きを最初に知る。
からだ,五感,夜目,3番,B,なし,月明かりだけで山道を歩ける。夜の見張りが務まる。夜襲を仕掛ける側でも受ける側でも先に動ける。灯りの油と蝋を節約できる。夜に罠を見回れる。,昼の強い光が眩しく雪原と水面と真夏の畑で目を細めるので昼の作業がわずかに落ちる。夜働きに回されるので昼の村の付き合いから外れる。,聴力も高いと闇の中で音と影を合わせて相手の位置を取れる。度胸も高いと単独の夜の斥候が務まる。,必要睡眠が高いと夜の役に耐えられず才能が使われない。信心が高い村では夜目の利く者が人でないものと噂される。,B,非常に高い,ほぼゼロ,中間遺伝,やや高い,なし,視力とは別（昼の遠見が良くても夜が利かない者がいる）。夜間の走力と敏捷の発揮を保つ。,ポジション：夜番・夜の斥候・密偵。情報：夜に誰と誰が会っているかを見ている。しがらみ：見てしまったことで恨まれる。財：灯り代が浮く。
からだ,五感,色の見分け,5番,A,なし,実と茸の熟れと毒を色で見分ける。麦の病と地味の違いを色で読む。染めた布の善し悪しが分かるので反物の商いで損をしない。旗印の色で敵味方を判ずる。肉と魚の傷みを色で見る。,色に頼るので暗がりと霧では判断が効かず色の使えない場面で他人より遅れる。染めの目利きとして重宝され商いの争いに引き込まれる。,視力も高いと遠い旗の色まで読める。味覚も高いと傷んだ食い物を色と味の二重で弾ける。,夜目が低いと日が落ちた瞬間に判断が止まる。慎重が低いと色だけで決めて霧の日に大きく外す。,D,非常に高い,ほぼゼロ,中間遺伝,高い,なし,視力とは独立（見えていても色だけ抜ける者がいる）。低いのは男に偏る（母から息子へ渡る）。,スキル：染め・薬草・茸採り・反物の目利き。財：染物と反物の商い。ポジション：物見（旗の判別）。
からだ,五感,聴力,5番,B,視力,森の中で獣の動く方向を音で取れる。夜に近づく足音と馬蹄を先に聞く。壁の向こうの話が聞こえる。木を叩いて虫食いを壺を叩いて罅を音で知る。,聞こえすぎる者は村中の陰口と夫婦喧嘩を全部聞いてしまい知らないふりができずに揉め事に巻き込まれる。鍛冶場と戦場の音で頭が痛み仕事が続かない。,嗅覚も高いと夜の獣と人の接近を二重に取れる。人読みも高いと声の震えから嘘に気づく。,気分の振れ幅が高いと絶えず音に晒されて休まらず人の多い場所に居られなくなる。嘘のうまさが低いと聞いてしまったことが顔に出て口封じの対象になる。,C,高い,ほぼゼロ,中間遺伝,中,なし,見る前に聞くので反射の発動を早める。三半規管と同じ器官なので連れて動く。,情報：立ち聞きで秘密を最も多く抱える。ポジション：夜番と諜報。しがらみ：知りすぎたことで疎まれる。
からだ,五感,嗅覚,3番,B,毒への強さ,水と肉と乳が傷んでいるのを口に入れる前に嗅ぎ分ける。獣の通り道と血の跡を追える。火の匂いを風上から先に嗅いで火事と焼き討ちに備える。膿と壊疽の匂いで手遅れになる前に切れる。土の匂いで雨を読む。,村の匂い（糞尿・腐肉・膿・死体）から逃れられず疫病の村と戦のあとの野で吐いて動けなくなる。人の体臭が分かりすぎて特定の相手と同席できない。,味覚も高いと毒と腐りを二重に弾ける。触覚も高いと薬草の見立てが正確になる。,潔癖も高いと不潔な相手を露骨に避けて孤立する。残酷さが低いと戦場の匂いで心が折れる。,B,高い,小さい,中間遺伝,中,なし,味覚と連れて動く。病への強さとは別に腹を下す確率を下げる。,スキル：狩りの追跡・薬草・醸造・料理・手当て。ポジション：狩人と薬師。財：醸造と塩漬けの失敗が減る。
からだ,五感,味覚,3番,B,飢えへの強さ,塩と酸の加減が分かるので塩漬けと干物と酢漬けが腐らずに冬を越す。酒と酢の仕込みの進みを舌で測れる。毒草の苦みとえぐみを一口で吐ける。水の善し悪しが分かる。,舌が肥えるので粗末な麦粥と塩気の無い冬の食い物が喉を通らず飢饉のときに食えるはずの物を食わずに弱る。他人の作った食い物にけちを付けて嫁と姑の争いを作る。,嗅覚も高いと醸造と保存の名手になり村の食い扶持そのものを伸ばす。長期の記憶も高いと良い年の仕込みを何年後でも再現できる。,貪欲も高いと食い物に金を掛けて財が残らない。飢えへの強さが低いと不味い物を拒んで先に倒れる。,D,中,中,中間遺伝,中,なし,毒への強さの手前で効く（飲み込む前に弾く）。飢えへの強さの実際の発揮を下げる。,スキル：醸造・保存食・料理・毒の見分け。ポジション：主人の毒見役（危険だが主人の近くに立てる）。財：酒と保存食は現金になる。
からだ,五感,触覚,3番,B,痛覚の鈍さ,布と糸の目の細かさを指で測れるので織りの等級が上がる。刃の返りと欠けを指で知る。脈と熱と腫れを手で診られる。暗闇と袋の中で物を探り当てる。土の湿りを手で読んで蒔き時を決める。牛馬の腹に触れて子の向きが分かる。,敏感な手は石と薪と綱の仕事で痛み痛みで手が止まる。手を潰す仕事に就くと才能ごと失われる。,手先の器用さも高いと織りでも鍛冶でも骨接ぎでも村一番になる。視力も高いと細工の仕上げが揃う。,痛覚の鈍さも高いと指先の情報そのものが鈍り才能が死ぬ。握力が高いと力が抜けず細かい手触りを潰す。,C,中,中,中間遺伝,中,なし,痛覚の鈍さが高いほど実効が落ちる（同じ神経を使う）。手先の器用さと組んで効く。,スキル：織り・鍛冶・骨接ぎ・産婆・農の見立て。ポジション：産婆と薬師。財：上等の織物は畑の何倍にもなる。
からだ,五感,痛覚の鈍さ,3番,A,触覚,傷を負っても戦い続けられる。抜歯と骨接ぎと焼灼に耐えられる（この世に痛みを止める手立てが無い）。拷問で口を割らない。凍傷と火傷を負ったまま作業を続けられる。,痛みは体の警告なので折れた骨で歩き膿んだ傷を放置し腹の病に気づかず手遅れになる。凍傷で指を失う。虫歯で顎の骨まで腐らせる。鈍い者ほど早く死ぬ。,度胸も高いと拷問と手術に耐え囚われても口を割らないので密使に使える。傷の治りも高いと放置した傷でも塞がる。,触覚が高くても指先の情報が鈍り細工の才能が死ぬ。図太さも高いと本人の異変に誰も気づけずある日突然倒れて死ぬ。,A,高い,小さい,中間遺伝,やや高い,なし,触覚にマイナス。傷の治りとは別（傷の深さは同じで気づくかどうかが違う）。寿命に隠れたマイナス。,ポジション：拷問に耐える密使と前線の兵。情報：口を割らないので秘密の運び手になる。
からだ,体の強さ,病への強さ,2番,A,なし,疫病が村を通ったときに生き残る。傷が化膿しても熱で終わらない。そもそも子供のうちに死なずに大人になれる。疫病の家に入って看病できるので死人の出た家の土地を継ぐ立場になる。,自分は倒れずに病を運ぶので行った先の村と家に疫病を置いてくる（原因は見えず「あの男が来てから死んだ」という噂だけが残る）。丈夫なので疫病の村への使いに出され続ける。,傷の治りも高いと戦傷と病の両方を越えられる。飢えへの強さも高いと飢饉の翌年に来る疫病の年を越せる。,潔癖が低いと病を撒く速さが上がる。信心が高い村では一人だけ生き残った者が疑われ焼かれる。,C,低い,中,中間遺伝,中,なし,寿命に強くプラス。子の生存に効く（乳飲み子の死は病が大半）。,しがらみ：疫病の生き残りは疑われるか頼られるかのどちらかに振れる。財：死んだ家の土地を継ぐ。身分：家系が絶えなければ身分が保たれる。
からだ,体の強さ,傷の治り,2番,A,老いの速さ,斬られた傷が膿まずに塞がる。骨が正しく付いて曲がらない。抜歯と切開のあとに死なない。毎日の擦り傷が化膿しないので手が使えなくなる日が無い。冬に霜焼けが割れない。,治りが早いので働きに戻るのも早く休まされないまま同じ場所を繰り返し痛める。傷跡が残らないので戦っていないと疑われる。,病への強さも高いと化膿と破傷風の両方を越える。疲労の抜けやすさも高いと連戦に耐える体になる。,痛覚の鈍さも高いと治る前に使って骨が曲がって付き古傷が残る。忍耐が高いと痛みを言わず手当てを受けない。,C,中,ほぼゼロ,中間遺伝,中,なし,古傷というデバフの付きやすさを下げる（老いてからの実効値が高く保たれる）。寿命にプラス。,ポジション：前線に何度でも戻れるので古参の兵になれる。財：薬と手当ての費用が減る。
からだ,体の強さ,毒への強さ,3番,A,嗅覚,毒草と毒茸と腐った麦で死なない。蛇と蜂に刺されても腫れて終わる。盃に盛られても倒れない。飢饉のときに他人が食えない野草と根を食える。,毒が効かないので毒見役に据えられ盛られる側に立たされ続ける。食えるものが多いので危ない物を食う癖が付きいつか本当に効く量を食う。刃で殺すしかないと暗殺者に判断させる。,味覚も高いと口に入れる前に弾いて入っても効かない二段構えになる。嗅覚も高いと毒の仕込みを匂いで知る。,貪欲が高いと拾い食いで当たる。信心が高い村では毒が効かないことが人でない証とされる。,B,中,中,中間遺伝,中,なし,酒への強さと同じ臓腑を使うので連れて動く。食える物が増えるので飢えへの強さの実際の幅を広げる。,ポジション：毒見役（主人の近くに立てる＝情報が入る）。情報：毒と薬の知識が付く。スキル：薬と毒の扱い。
からだ,体の強さ,寒さへの強さ,3番,A,暑さへの強さ,冬の見張りと冬の行軍で指と足を失わない。薪の消費が少ない。北の山と冬の森で狩りができる（他人が狩らない季節に肉が獲れる）。冬に生まれた子を抱いて温められる。,夏に弱い。寒さを苦にしないので冬の役に回され続け冬の間ずっと家に居ない。厚着をしないので体を冷やしていることに気づかない。,体重も高いと冬を越す体になる。飢えへの強さも高いと冬の飢えと寒さの両方に耐える（冬の死者はこの二つで決まる）。,暑さへの強さが低いと一年の半分しか働けない。痛覚の鈍さも高いと凍傷に気づかず指を落とす。,D,低い,中,中間遺伝,やや高い,なし,暑さへの強さと逆に振れやすい。冬季の持久力と手先の器用さの落ち込みを抑える。,ポジション：冬の見張りと冬営の兵。財：薪代が浮く。スキル：冬の狩り。
からだ,体の強さ,暑さへの強さ,3番,B,寒さへの強さ,真夏の刈り入れを日中に続けられる（麦は熟れた数日で刈らねば落ちる。ここで働けるかが年の収穫を決める）。鍛冶場の火の前と炭焼き窯の脇に立てる。夏の行軍で落伍しない。南への遠征に耐える。,冬に弱い。汗をかく体は水を多く要るので水の乏しい行軍と籠城で先に参る。,持久力も高いと真夏の刈り入れで村の誰よりも刈る。息の長さも高いと炭焼きと鍛冶の煙と熱の中で働ける。,寒さへの強さが低いと冬に使い物にならない。体重が高いと夏に自分の体で茹だる。,D,低い,中,中間遺伝,中,なし,寒さへの強さと逆に振れやすい。夏季の持久力と最大筋力の落ち込みを抑える。,スキル：鍛冶・炭焼き・刈り入れ。ポジション：夏の遠征。財：刈り入れの取り分。
からだ,体の強さ,飢えへの強さ,3番,A,味覚,不作の年に痩せても働ける。籠城で最後まで立っている。冬の終わりの端境期に倒れない。食う量が少ないので家の蓄えが長く保つ。,食が細いので豊作の年に体を作れず力と体格が伸びない。飢えても働けるので配給を後回しにされる。飢饉のとき蓄えを分けろと言われる側に立つ。,体重も高いと二年続きの不作を越えられる。忍耐も高いと配給の列で暴れないので村から信用される。,最大筋力も高いと要る飯の量が大きく強みが相殺される。貪欲が高いと食えるのに溜め込み村の恨みを買う。,C,低い,中,中間遺伝,やや高い,なし,最大筋力と体重の伸びしろを狭める。寿命にプラス。,財：一人当たりの食い扶持が少なく蓄えが増える。しがらみ：飢饉のとき分ける／分けないの選択で恩と恨みが一度に付く。
からだ,体の強さ,酒への強さ,2番,B,なし,宴と会盟の席で最後まで正気でいる（相手が酔って口を割るのを聞ける）。祝いの席で先に潰れないので恥をかかない。水が悪い土地で酒を水代わりに飲める。冬に体を温められる。,酔わないので飲む量が増え財が酒に消える。酔わない男は腹の内を見せないと思われて信用されない。肝を長く痛め四十を過ぎて急に腹が膨れて死ぬ。,人読みも高いと酔った相手から取れるだけ取れる。嘘のうまさも高いと酔ったふりで相手だけ潰せる。,貪欲が高いと飲み代で身代を潰す。色欲が高いと酒席から不義の線が伸びる。,E,中,大きい,中間遺伝,やや高い,なし,毒への強さと同じ臓腑を使うので連れて動く。長い目では寿命にマイナス。,情報：酒席は情報の出所で酔わない者が一番多く持ち帰る。しがらみ：酒席の付き合いで線が増える。財：飲み代で減る。ポジション：使者と交渉役。
からだ,体の強さ,三半規管,5番,B,なし,船に乗っても酔わないので海と川の交易と漁ができる。荷車と馬に一日揺られても吐かない。船戦で武器を振れる。振り向いても目が回らない。,揺れに強いので船と車の役に回され家に帰らない日が増える（村の付き合いが薄くなる）。揺れが体に届かないので船の傾きが危ない傾きかどうかに気づくのが遅い。,平衡感覚も高いと荒れた甲板の上で仕事ができる。息の長さも高いと潜り漁ができる。,嗅覚も高いと船倉の匂いのほうで参って利点が消える。度胸が低いと船に強くても海に出たがらない。,D,中,大きい,中間遺伝,中,なし,聴力と同じ器官なので連れて動く。平衡感覚とは別（こちらは酔わなさ・あちらは姿勢の制御）。,スキル：船・漁・騎乗・荷車。財：海と川の交易は畑より儲かる。情報：船で他国の話が入る。ポジション：船手と輜重。
からだ,体の強さ,歯の丈夫さ,2番,A,なし,四十を過ぎても硬い黒パンと干し肉と骨を噛める（噛めるかどうかが老いてからの栄養を決め全身の衰えの速さが変わる）。歯で綱と革と糸を扱える（職人の三本目の手）。歯の揃った口は縁組の場で見られる。虫歯から顎の骨が腐って死ぬことがない。,丈夫なのを頼りに歯を道具として使い続けて欠く。硬い物を何でも噛むので砂を噛んで擦り減る。,容姿も高いと歯の揃った口で縁組が一段上がる。飢えへの強さも高いと粗末で硬い食い物だけで冬を越せる。,味覚が高いと蜜と甘い物を好んで歯を失う。痛覚の鈍さも高いと虫歯を放置して顎ごと腐らせる。,D,高い,ほぼゼロ,中間遺伝,やや高い,なし,老いの速さにマイナス（噛めれば食えるので衰えが遅い）。容姿と声に効く。飢えへの強さの実際の発揮に効く。,スキル：綱と革と糸を扱う職人仕事。しがらみ：縁組の場で口元を見られる。財：歯痛で働けない日が減る。
からだ,体の強さ,腹の丈夫さ,3番,A,なし,傷んだ肉と濁った水で腹を下さない。行軍と籠城で下痢に倒れない（戦の死者は刃よりも腹の病のほうが多い）。飢饉のときに他人が食わない古い麦と根を食える。異郷の水と食い物に当たらないので遠くまで行商に出られる。,何を食っても平気なので腐った物を食う癖が付き周りにも食わせて周りだけが死ぬ。汚い物を平気で扱うので村で疎まれる。,毒への強さも高いと食えるものの幅が飢饉で決定的な差になる。嗅覚も高いと腐りを弾いた上で当たらない二段構えになる。,潔癖が低いと自分は平気でも家族に病を移す。味覚が低いと腐った物に気づかず食い続けいつか本当に危ない物を食う。,C,低い,大きい,中間遺伝,中,なし,病への強さとは別（あちらは移る病・こちらは食い物と水）。飢えへの強さの幅を広げる。遠征での持久力の発揮を保つ。,スキル：行商・遠征・野営。情報：遠くまで行けるので他国の話を持ち帰る。財：交易は遠くへ行けるほど利が大きい。ポジション：輜重と行商。
からだ,生と老い,繁殖力,2番,B,寿命,子ができやすい（同じ夫婦でも年に一人と三年に一人ほどの差になる）。若いうちに子が並ぶので家の働き手が早く増える。跡取りが死んでも次がいる。血が残る。,産む側は年子で体が回復せず三十を待たずに歯と骨と髪が落ちる。子が多いと一人あたりの飯と土地が減り分けた土地は数代で食えない広さになる。持参金と婚礼の費用で財が消える。,お産の軽さも高いと十人産んで生き延びる（村の血の半分がこの女から出る）。病への強さも高いと産んだ子が育つ。,お産の軽さが低いと二人目か三人目の産で死ぬ。色欲も高いと家の外に子ができてしがらみが荒れる。貪欲が低い家では子だけ増えて食えず口減らしに出す。,B,高い,ほぼゼロ,中間遺伝,中,なし,産む側は寿命にマイナス・老いの速さにプラス。成熟の早さと連れて動く。,しがらみ：親子と縁組の線が最も多く伸びる。財：分け与える土地が細る。身分：子が多いほど上の家に嫁がせる機会が増える。
からだ,生と老い,成熟の早さ,2番,B,なし,十二で大人の仕事ができる（家の働き手が四年早く増える）。早く嫁げるので子を残せる年数が長い。若いうちに体が出来上がるので初陣で死ににくい。,骨の端が早く閉じるので背が伸び切らずに止まる。子供のうちに大人の仕事に出されるので手習いも文字も覚える時間が無い。骨盤が出来上がる前に産むので初産で死にやすい。早熟は早老を連れて来る。,最大筋力も高いと十四で一人前の働き手として数えられる。容姿も高いと早く上の家に嫁げる。,老いの速さも高いと三十で盛りを過ぎる。学習速度が高くても学ぶ機会そのものを失う。,D,なし,中,中間遺伝,中,なし,身長にマイナス（伸びる期間が短い）。老いの速さにプラス。繁殖力の効く年数を前にずらす。,財：働き手が早く増える。スキル：手習いの機会を失うので職人と書字の道が閉じる。身分：早く嫁げるので家格を上げる機会が増える。しがらみ：縁組が早い。
からだ,生と老い,寿命,2番,A,繁殖力,使える期間が長い（力の盛りは誰でも二十六だがその先どれだけ使い物になるかが違う）。長く生きた者は職に就いた年数・知っていること・しがらみの本数・孫の数が積み上がる。老人は体ではなく社会的に強い。,長生きしても素の力は増えない。老いた体で生き続けると飯だけ食って働けない口になる（飢饉で最初に減らされるのは老人の分）。自分の子と孫を先に埋めることになる。家督を譲らない長寿の家長がいると跡取りが五十まで当主になれず家が停滞する。,老いの速さが低いと本当に長く使える。長期の記憶も高いと生き字引として村に欠かせなくなる。,老いの速さが高いと寝たきりの年数だけが伸びる。野心が高い跡取りがいると長寿の家長は幽閉されるか殺される。,A,非常に高い,ほぼゼロ,中間遺伝,やや低い,なし,すべてのステの使える年数を決める。老いの速さと組でのみ意味を持つ。,情報：長く生きた者だけが知っている（誰が誰の子か・昔の境界・昔の約束）。しがらみ：線の本数が年とともに増える。身分：家長が生きているあいだ家の身分が保たれる。ポジション：長老の役。財：相続が起きないので家産が割れない。
からだ,生と老い,老いの速さ,2番,B,傷の治り,若くして老けて見えるので二十代でも年長として扱われ寄合で発言が通る。徴発と人買いは見た目の年で選ぶので目から外れる。粛清と人質の対象になりにくい。体が早く固まるので若いうちに骨と関節が安定する。,三十で盛りを過ぎ四十で畑に出られない。実効値に掛かる老いの倍率が他人より速く下がる。容姿が早く落ちるので縁組と近侍の道が閉じる。,長期の記憶も高いと老けた見た目と知識が噛み合って若いうちから長老格に扱われる。信心も高いと老成して見え祭祀の役が早く回ってくる。,寿命も長いと働けない年数だけが伸びて家の負担になる。繁殖力が高い女は年子で老いが更に加速する。最大筋力が高い者ほど四十での落差が大きい。,B,高い,小さい,中間遺伝,中,なし,からだ全体に掛かる老いというデバフの傾きそのもの。あたまへの影響は小さい（判断はほとんど落ちない）。,ポジション：早く長老格になれるが早く現役を外れる。財：稼げる年数が短い。しがらみ：縁組で不利。
からだ,生と老い,お産の軽さ,2番,A,双子の生まれやすさ,出産で死なない。産んだ翌日から立てるので家の仕事が止まらない。何人でも産めるので家が絶えない。難産で子を失わない。,産が軽い女は「まだ産める」と見なされて休みなく孕まされ四十まで産み続けて体が尽きる。産婆を呼ばずに済むので異変があっても誰も見ていない。,繁殖力も高いと十人以上産んで生き延びその血が数代で村の半分を占める。骨太さも高いと骨盤が広く難産にならない。,成熟の早さが高くて早く嫁ぐと骨盤が出来上がる前に産むので軽さの才能が出ない。身長が低いと産道が狭く才能が相殺される。,B,高い,中,中間遺伝,やや高い,女のみ,繁殖力の実際の子の数を決める。寿命に強くプラス（女の死因の筆頭を外す）。男にも座位があり遺伝させるが発現しない（切ると母系だけで固定される）。,しがらみ：親子の線の本数がここで決まる。身分：跡取りを産めるかどうかが家の存続を決める。財：産婆と喪の費用が掛からない。
からだ,生と老い,乳の出,2番,B,なし,乳飲み子が育つ（生まれた子の半分は二歳までに死に その多くは乳が足りないため）。乳母を雇う費用が要らない。他家の子に乳を与えられるので乳兄弟という強い縁を作れる。,乳が出るあいだは次の子ができにくいので家の子の増える速さが落ちる。吸われる分だけ母の体から抜けるので不作の年に母が先に痩せる。上の家の乳母として召し上げられ自分の子を家に置いて出る。,繁殖力も高いと産んだ子がほぼ全部育つ。飢えへの強さも高いと不作の年でも乳が止まらない。,飢えへの強さが低いと不作の年に乳が止まり子が死ぬ。情が高いと乳母に出されたとき自分の子を思って心が折れる。,D,中,中,中間遺伝,中,女のみ,子の側の病への強さと合わさって乳飲み子の生死を決める。母の飢えへの強さを実質下げる。男にも座位があり遺伝させるが発現しない（切ると母系だけで固定される）。,しがらみ：乳兄弟の線ができる（血より強く働くことがある）。ポジション：上の家の乳母。財：乳母の給金は数少ない現金収入になる。身分：主家の子を育てた乳母は身分を超えて口を利ける。
からだ,生と老い,双子の生まれやすさ,2番,B,お産の軽さ,一度の産で二人得られる。働き手と兵の頭数が一気に増える。跡取りの予備ができるので片方が病で死んでも家が絶えない。,双子の産は母子ともに死にやすい。二人とも小さく生まれるので二歳までに死ぬ確率が高い。乳が足りない。土地を分けると一代で食えない広さになる。双子は不吉とする村があり片方を捨てるか二人とも忌まれる。,お産の軽さも高いと双子でも母子とも生き延びる。乳の出も高いと二人とも育つ。,お産の軽さが低いと双子の産で母が死ぬ。信心が高い村では双子が忌まれ生まれたこと自体が家の恥になる。,B,非常に高い,ほぼゼロ,中間遺伝,やや高い,女のみ,繁殖力とは別（あちらは何度孕むか・こちらは一度に何人か）。お産の軽さと乳の出が低いと利点がすべて損に変わる。男にも座位があり遺伝させるが発現しない（切ると母系だけで固定される）。,しがらみ：双子の兄弟は生涯離れない線になる。財：相続で土地が割れる。身分：跡取りが二人いると家督争いが起きる。
あたま,覚える,短期の記憶,7番,B,なし,一度聞いた口伝の指示を取り違えずに最後まで実行できる。市で相手の言い値と自分の言い値を同時に頭に置いて値切れる。戦場で伝令が持ってきた隊列の変更を書き付けずに部隊へ渡せる,直前のことだけが鮮明なので目先の出来事に判断が引っ張られる。今聞いた噂を古い事実より重く扱い誤った報告をそのまま上へ流す。書き留める習慣がつかないので本人が死ぬと持っていた取り決めが丸ごと消える,＋聴力 → 読み書きの無い村で口頭の取り決めの生き証人になる（村が情報の保存場所として本人を手放さなくなる）。＋数の感覚 → 帳面なしで貸し借りを突き合わせられる,＋信じやすさ → 直前に聞いた嘘を正確なまま運ぶので嘘の伝染が速くなる。＋気分の振れ幅 → 動揺した場面の記憶だけが濃く残り報告が偏る,F,高い,小さい,中間遺伝,中,なし,想起の速さ・理解の速さ・段取り・言葉の覚えの土台。ここが低いと段取りと機転が働かない,情報（口伝の受け取りと保持）／スキル（口頭で教わる工程の習得）／ポジションランク（伝令・使者に選ばれやすい）
あたま,覚える,長期の記憶,7番,B,創意,三十年前の境界の取り決めや祖父の代の貸し借りを言える。凶作の年の作の付き方を覚えていて次の飢饉の兆しを言い当てる。誰が誰の子かを何十家ぶん保持し近すぎる縁組を止められる,受けた恥や損が何十年も薄れないまま残る。和解が成立しない。古いやり方が正確に残るぶん新しいやり方を受け付けない。忘れられない者は村の恨みの帳面そのものになる,＋執念 → 証文の無い一族の権利を主張し続け実際に取り戻すことがある。＋声（からだ） → 語り手として村の来歴を継ぐ（情報が世代を越えて残る）,＋嫉妬 → 過去のひとつの侮辱を一生持ち相手の家系ごと敵に回す。＋創意 → 前例を全部覚えているのに全部壊すので年長者から最も憎まれる,D,高い,中,中間遺伝,中,なし,想起の速さと組んで初めて使える。ここが低いと言葉の覚えと段取りが伸びない,情報（村の来歴・境界・血縁の保持者）／しがらみ（恨みと借りが時間で消えない＝線が減らない）／身分ランク（家の由緒を語れる者は格の証人になる）
あたま,覚える,想起の速さ,7番,A,なし,覚えていることを必要な場でその場に出せる。裁きの席で相手の言い分と食い違う昔の取り決めを即座に指摘できる。戦の最中に以前通った道の分かれを迷わず選べる,出るのが速いぶん確かめずに口に出す。思い出し違いも同じ速さで断言するので周りが検証しなくなり誤りが定説として固まる,＋機転 → 不意の詰問にその場で切り返せる（交渉と裁きで強い）。＋弁舌 → 例と前例を並べて話せるので同じ中身でも通る率が変わる,＋誇り → 思い出し違いを認めないので誤った前例で村の取り決めが固まる。＋嘘のうまさ → 過去をその場で作り替えられる。最も見破りにくい偽証になる,E,高い,小さい,中間遺伝,やや高い,なし,短期の記憶と長期の記憶を実際に使える形に変える。機転・弁舌・嘘のうまさの前提,情報（持っている知識が実際に効くかを決める）／ポジションランク（裁きの席・交渉役に呼ばれる）
あたま,覚える,体で覚える力,6番,B,論理,繰り返した動きが考えずに出るようになる。鍬の入れ方・鎚の角度・剣の受けが疲れていても崩れない。数年使わなくても錆びにくい。言葉にできない手順を体に写す力であって覚える力とは別物,一度体に入った間違った型が抜けない。悪い師に付いた者は生涯そのままになる。言葉で説明できないので人に教えられず名人が死ぬと工程ごと失われる,＋手先の器用さ → 職人の芯。同じ工程を一生ぶん安定して出せる。＋反射 → 稽古した受けが考える前に出る（戦いの生き残り）,＋論理 → 体で分かっていることを理屈でやり直そうとしてかえって型が崩れる。＋序列意識 → 見て覚えろ以外の教え方をせず弟子が育たない（スキルが村から消える）,C,中,中,中間遺伝,やや高い,なし,手先の器用さ・反射・平衡感覚と組む。短期の記憶／長期の記憶とは別系統で、どちらが高いかが職人と学者を分ける,スキル（体を使う技の習得と定着。錆びにくさ）／ポジションランク（親方・棟梁）／財（技が売れるので収入が安定する）
あたま,考える,理解の速さ,6番,A,なし,説明を一度で飲み込む。新しい工程・新しい税の取り決め・敵の新しい戦い方を、他の者が三度聞く間に理解する。理解が速いことと知っていることは別で、知識そのものは情報の枠が持つ,命令の穴に気づいてしまう。上の指示が筋の通らないものだと即座に分かるので従わない・言い返す・勝手に直す。局長からは扱いにくい者として役から外される。周りが遅く見えるため説明を省き、結果として誰も動かせない。頭の良さがそのまま野心に化ける。上位二割を超えた分だけ上を狙う側へ寄るので、賢い者は本人が望まなくても危うい立場に立つ,＋短期の記憶 → 一度の説明で最後まで持ち帰れる。＋段取り → 新しい仕事に就いた最初の年から人並みに働ける（転職の損が小さくなる）,＋誇り → 理解できない上役を露骨に軽んじポジションから落とされる。＋従順が低い → 命令の不備を指摘し続け、無能ではなく危険と見なされる,C,非常に高い,ほぼゼロ,中間遺伝,やや高い,なし,論理・段取り・言葉の覚え・見て盗む力の伸びを支える。学習速度とは別（速さは分かるまで、伸びは積まれる量）。これ自体は訓練でほぼ動かない純粋な器。これが「知性」の本体で、こころの野心を押し上げる（上位20%を超えた分×0.6が野心に加算される。確定事項 A-16）。ただし連鎖ではない。理解の速さは6番・野心は10番で染色体が別なので、賢い者から必ず野心家が生まれるわけではなく、稀に「賢くて野心の無い者」が出る,スキル（習得の初動）／ポジションランク（登用されやすいが従順が低いと逆に外される。押し上がった野心は局長には見えないので、局長は良かれと思って野心の高い賢者を抜擢する。オーナーだけが同じ男を「賢くて野心が無い」あるいは「賢くて野心90」と読み分けられる）／しがらみ（上役との軋轢）
あたま,考える,論理,6番,A,体で覚える力,話の筋の通っていないところを言い当てる。報告の数字が前の報告と合わないことに気づく。裁きの席で証言のどこが矛盾しているかを示せる。去年こうだったから今年もこうなる、を条件の違いまで含めて詰められる,筋の通らないものを我慢できない。慣習・儀礼・信心の多くは筋が通っていないので、それを口に出して敵を作る。命令の矛盾を指摘するので上から見て扱いにくい。教えを疑う者は中世では危険な立場に置かれる,＋数の感覚 → 帳簿の不正と税の取り決めの穴を両方見つける（財の管理役として代えが利かない）。＋弁舌 → 筋を人に渡せるので初めて力になる,＋信心が低い → 教えに公然と逆らい身分ランクを失う。＋場を読むが低い → 正しいことを最悪の場で言い、味方まで敵に回す,B,中,大きい,中間遺伝,中,なし,数の感覚・段取り・嘘を見抜く・創意の土台。体で覚える力とは噛み合わない（理屈で型を崩す）。訓練で大きく伸びるが、中世で訓練の場を持つのは聖職者と書記だけ,情報（矛盾から隠された事実を導ける）／ポジションランク（財務・裁きの役。ただし従順が低いと登用されない）／しがらみ（慣習を守る者との対立）
あたま,考える,空間把握,6番,B,なし,材木の組み方・石の積み方・屋根の勾配を、作る前に頭の中で立てられる。堀と柵の配置を地形に合わせて決められる。戦場で見えていない側の隊の位置を推せる,頭の中で出来上がっているので図にも言葉にも落とさない。本人以外に工程が渡らず、途中で死ぬと普請が止まる。地形の有利が見えるぶん、不利な地に置かれた味方を切り捨てる判断を平気でする,＋手先の器用さ → 大工・石工・鍛冶の上位。＋段取り → 普請の全体を回せる（棟梁になれる）,＋弁舌が低い → 頭にあるものを誰にも渡せず一生使い走りの職人で終わる。＋誇り → 自分の図に固執し地の条件を無視した普請で人を死なせる,C,中,中,中間遺伝,やや高い,なし,手先の器用さ・視力と組む。道と方角の覚えの土台。創意が形になるかどうかを決める,スキル（普請・鍛冶・造船）／ポジションランク（棟梁・築城の役）／財（普請を請け負えれば大きい）
あたま,考える,数の感覚,6番,A,なし,帳面も算盤も無しに量と比と割合を掴む。中世でこれを持つ者は本当に少ない。収穫の何割を税に取ればいくら残るかを即座に出せる。兵の数と日数から要る糧秣を出せる。利息と目減りを見抜くので商人に負けない,数で言うので信用されない。見て分かることを重んじる村では、計算で反論する者は理屈屋として嫌われる。飢饉のとき「この蓄えでは何人までしか越せない」と正確に出せてしまい、誰を切るかを決める役を押し付けられる。利息を扱えること自体が罪と見なされうる,＋論理 → 帳簿の不正と取り決めの穴を両方見つける。＋長期の記憶 → 何年ぶんの収穫を突き合わせ土地の当たり外れを言い当てる,＋貪欲 → 高利貸しに向かい村ぜんたいから憎まれる。＋情が低い → 人を頭数として数え、切り捨てを平然と提案する,S,高い,大きい,中間遺伝,やや低い,なし,論理と組んで初めて力になる。単独では勘の鋭い者で終わる。段取りの精度を決める。入口は極端に狭いが、入れた者は帳場に置けば一生伸び続ける（稀だが努力で伸びる型）,財（交易・徴税・利息。あたまで最も財に直結する）／ポジションランク（徴税役・蔵の管理）／情報（数から隠された事実を出せる）／しがらみ（貸し借りの線が増える）
あたま,考える,創意,7番,A,長期の記憶,誰も見たことのない手を作る。既にある道具を別の用途に組み替える。前例の無い攻め方・水の引き方・道具の改良を出す。中世で本当に稀で、ほとんどの改良は数百年に一度しか起きない,前例を壊す。中世の村では前例こそが正しさなので、新しい手を出す者は序列を乱す者として憎まれる。とくに序列意識の高い年長者から。試した手の大半は失敗し、その失敗は「言ったとおりだ」として村の記憶に残る。度を越した発想は魔術・異端と見なされうる,＋空間把握 → 道具と普請の改良が実際に形になる。＋弁舌 → 新しい手を人に呑ませられる（創意が単独では世に出ないのを埋める）,＋従順が低い → 命じられた通りにやらないのでまず信用を失う。＋誇り → 前例を壊した上に頭を下げないので村ぐるみで潰される,SS,非常に高い,小さい,中間遺伝,低い,なし,論理・空間把握・見て盗む力と組む。弁舌が無いと世に出ない。長期の記憶が高いと軋轢が最大になる。本人は訓練でほとんど伸びず、伸びるのは材料になる周辺のステのほう,スキル（新しい技が生まれる唯一の源）／しがらみ（前例を守る者からの敵意）／身分ランク（当たれば跳ねるが外すと落ちる）／ポジションランク（扱いにくいので登用が遅い）
あたま,人を読む,人読み,8番,B,弁舌,相手が何を欲しがっていて何を恐れているかが読める。交渉で相手の譲れる線を見抜く。部下が不満を溜めているのを口に出される前に気づく。誰と誰が本当は組んでいるかが分かる,誰が本当は自分を嫌っているかまで分かってしまう。表向き親しくしている相手の敵意が見えるので人を信じられなくなり孤立する。分かっていて何もできない場面が続くと心が削れ、状態異常を負いやすくなる,＋場を読む → 誰に何をどの場で言うかまで揃う（政治の中核）。＋弁舌 → 相手ごとに刺さる言い方を変えられる,＋気分の振れ幅 → 見えすぎて疑心に沈み味方まで敵と誤認する。＋嘘のうまさ → 弱みを正確に突けるので最も人に恐れられる型になる,D,低い,大きい,中間遺伝,中,なし,嘘を見抜く・場を読むの土台。顔と名前の覚えが低いと誰の話か紐づかず活かせない。人を多く見た年数がそのまま積まれる,しがらみ（誰と組むかの精度が上がる。ただし線の本数は増えない）／ポジションランク（人を配する役に向く）／情報（口に出されていないことを知る）
あたま,人を読む,嘘を見抜く,8番,B,嘘のうまさ,報告の歪みに気づける。取引の場で相手が値を偽っているのが分かる。証言のうちどれが作り話かを言える。裏切りの兆しを行動に出る前に掴む,見抜けても証拠が無い。中世の裁きは証拠と誓いで動くので、分かるだけでは何もできない。嘘を指摘し続ける者は疑い深い厄介者と見なされる。誰の言葉も疑うようになり、伴侶とすら続かない,＋観察 → 言葉ではなく手と目の動きで見抜くので相手が言葉を選んでも通用しない。＋嘘のうまさ → 両方高い者が最も危険。相手の嘘を見抜きながら自分の嘘は通すので交渉と謀略で敵が無くなる,＋信じやすさが低い（疑い深さ） → 嘘でないものまで嘘と断じ味方を失う。＋残酷さ → 嘘を暴かずに泳がせ、相手を追い詰める材料として使う,B,低い,大きい,中間遺伝,やや低い,なし,嘘のうまさとは独立。片方が高くてももう片方は高くならない。人読み・観察と組む。騙された回数がそのまま積まれるので、若いうちに市や裁きの場に出た者が伸びる,情報（誤った情報を弾けるので持っている情報の質が上がる）／ポジションランク（裁き・取り調べ・使者の応対）／しがらみ（疑われた側に不快が残る）
あたま,人を読む,嘘のうまさ,8番,A,嘘を見抜く,筋の通った作り話を詰まらずに最後まで通せる。自分の失策を他人の失策に見せられる。交渉で手札を隠せる。危険な場で身分を偽って生き延びられる。出世が速い,露見したときの反動が大きい。一度嘘が割れると、それまでの本当の言葉まで全部疑われる。誓いを破ることは信仰に触れるので身分ランクごと失いうる。嘘で得た地位は嘘を続けなければ保てず、辻褄を合わせる負担で他のことができなくなる,＋弁舌 → 大勢の前で通せるので村ぜんたいを動かせる。＋容姿 → 疑われにくく、同じ嘘でも通る率が違う,＋野心 → 嘘を重ねて登り、落ちるときは一族ごと落ちる。＋嘘を見抜くが低い → 自分の嘘は上手いのに相手の嘘は見抜けず、組んだ相手に嵌められる,C,低い,大きい,中間遺伝,中,なし,嘘を見抜くとは独立。両方高い者が最も危険。弁舌・場を読む・想起の速さと組む。通した回数だけ積まれるので、嘘つきは年を経るほど上手くなる,ポジションランク（登用が速い）／身分ランク（露見で失う）／しがらみ（露見したとき騙した相手すべてに恨みが立つ）／情報（偽の情報を流し込める）
あたま,人を読む,場を読む,6番,B,なし,今その場で何を言ってよくて何を言ってはいけないかが分かる。年長者の前での引き際、宴の席の序列、揉め事の収めどきを外さない。言うべきことを、通る時まで待てる,場に合わせすぎて言うべきことを言わない。皆が黙っている場で危険を指摘できず被害が出る。誰の前でも顔を変えるので、後から「あの男は誰の味方でもない」と見なされる,＋人読み → 誰に何をいつ言うかが揃う。＋忍耐 → 数年単位で機会を待てるので長い謀の主役になれる,＋論理 → 正しさと場の空気が食い違うたびに黙るので本人が内側から壊れていく。＋従順 → 上の顔色だけを読み、誤った命令を止められない,D,低い,大きい,中間遺伝,やや低い,なし,人読み・観察と組む。弁舌の効きを決める（同じ言葉でも場を外すと通らない）。出た場の数だけ積まれるので、身分の高い家に生まれた子が構造的に有利になる。同じ染色体（6番）の反対腕は論理の側だが、論理の対の席は体で覚える力（学者↔職人の軸そのもの）で埋まっているので、対の欄は「なし」。論理との敵対は相互関係の欄に残り、連鎖は反対腕全体として効く,ポジションランク（寄合・宮廷で生き残る）／しがらみ（敵を作りにくい）／身分ランク（作法を外さないので上の席に呼ばれる）
あたま,伝える,弁舌,8番,A,人読み,人を動かす。寄合で自分の案を通せる。戦の前に隊の気を立て直せる。裁きの席で言い分を筋立てて述べられる。中身が同じでも、通るか通らないかが変わる,言葉が達者な者は中身が空でも通してしまう。間違った案を村に呑ませ、その結果を村ぜんたいが負う。口の上手さは中世では警戒の対象でもあり、舌で食う男と見なされる。話せば話すほど敵の記憶にも残る,＋声（からだ） → 大勢に届く（聞き手が増えるほど差が開く）。＋論理 → 中身と伝え方が揃う。この組は村の外まで動かせる,＋嘘のうまさ → 村ぜんたいを誤らせられるので露見時の損害が村規模になる。＋創意が低い → 中身が無いのに通してしまい、悪い前例が固定する,B,中,大きい,中間遺伝,中,なし,論理・想起の速さ・声（からだへ移した）・場を読むが揃って最大になる。創意と論理と空間把握は弁舌が無いと世に出ない。人前で話した回数がそのまま積まれる,ポジションランク（寄合・使者・隊の指揮）／しがらみ（味方を集められる）／身分ランク（言葉で取り立てられる数少ない道）／情報（人から話を引き出せる）
あたま,伝える,言葉の覚え,6番,A,なし,隣の谷の訛り・よそ者の言葉・聖職者の使う言葉を覚えられる。通詞として交易と交渉に入れる。捕虜の言うことが分かる。文字の読めない世界で外と繋がれる数少ない道,外の言葉を使う者は外に通じていると疑われる。捕虜や敵と言葉が通じることは内通の疑いに直結する。よそ者と話せるぶん村の内側から浮く,＋短期の記憶 → 聞いたその場で訳せるので交渉の席に必ず呼ばれる。＋声（からだ） → 相手の訛りをそのまま返せるので相手が心を開く,＋郷土愛が低い → 外へ出ていき村に戻らない（育てた側が損をする）。＋野心 → 通詞の立場を使って両方から取り、露見すると両方から追われる,C,高い,中,中間遺伝,やや高い,なし,短期の記憶・聴力・想起の速さと組む。理解の速さが低いと訛りの差を掴めない。年齢減衰が他より強く効く（大人になってから覚えた言葉はほとんど積まれない）,情報（外の情報が入るほぼ唯一の経路）／財（交易の仲立ち）／ポジションランク（通詞・使者）／しがらみ（村の外へ線が伸びる）
あたま,その他,段取り,7番,B,機転,人と物と時間を同時に回せる。何人をどの畑にいつ出すかを決められる。刈り入れの順を天候に合わせて組み替える。遠征の糧秣と宿を、着く前に手当てできる,段取りをする者は必ず人を割り当てる。割り当てられた側は不満を持つので恨みが集まる役になる。全体が見えるぶん末端の事情を切り捨てる。自分でやったほうが速いと思い、抱え込んで潰れる,＋数の感覚 → 要る量と日数が正確に出るので遠征と飢饉を越せる。＋長期の記憶 → 去年の失敗を今年の割り当てに反映できる,＋情が低い → 人を駒として配し村の不満が溜まる。＋従順 → 上の無理な期日をそのまま下へ流し、下を潰す,B,低い,大きい,中間遺伝,やや低い,なし,理解の速さ・短期の記憶・数の感覚・空間把握が揃って効く。単独では働かない。機転とは別（段取りは前もって、機転はその場で）。やり方なので回した回数がそのまま積まれ、生え抜きの村役が強い理由になる,ポジションランク（村役・隊の兵站・普請の采配）／財（無駄が減るので蓄えが増える）／しがらみ（割り当てで恨みが生まれる）／スキル（人に仕事を教える速さ）
あたま,その他,機転,7番,A,段取り,予想外のことが起きた瞬間に手を変えられる。伏兵に遭って隊形を組み直す。取り決めが崩れた場で代案を出す。詰問をかわす。準備できないことに効く唯一のもの,その場をしのぐのが上手いので根を断たない。同じ問題が何度も起こる。決められた手順を軽んじるため、儀礼と慣習を重んじる場では不真面目と見なされる。すぐ手を変える者は約束を守らない者に見える,＋想起の速さ → 過去の似た場を即座に引ける。＋度胸 → 崩れた場で先に動くので隊がその者に従う,＋段取りが低い → その場しのぎばかりで長い仕事が回らない。＋嘘のうまさ → 場をしのぐたびに嘘を足し、後でまとめて割れる,C,低い,大きい,中間遺伝,中,なし,想起の速さ・場を読む・反射と組む。段取りとは別で、両方高い者は少ない。崩れた場に何度居合わせたかで積まれるので、安全な役に置かれ続けた者は一生伸びない,ポジションランク（前線の指揮・使者）／しがらみ（土壇場を救われた者から恩義が立つ）／情報（詰問を切り抜けるので秘密を保てる）
あたま,その他,観察,9番,A,集中,見えているものの中から変わったところを拾える。畑の一角だけ葉の色が違うことに気づき病を早く止める。人の手つきからその者が何の職の出かを当てる。足跡と焚き火跡から通った人数を読む,見えなくていいものまで見える。誰と誰が夜に会っているか、蔵の目減りが誰の仕業かに気づいてしまう。知った時点で黙るか告げるかを選ばされ、どちらを選んでも敵ができる。細部に気を取られて決めるのが遅い,＋視力 → 距離のあるものまで拾えるので斥候として代えが利かない。＋嘘を見抜く → 言葉ではなく体の動きで見抜くので相手が言葉を選んでも通用しない,＋人読み → 誰が誰を嫌っているかまで見えて孤立が深まる。＋慎重 → 細部が気になって決断できず機を逃す,D,なし,大きい,中間遺伝,中,なし,視力・聴力・嗅覚の効きを決める（感覚が良くても観察が低ければ拾えない）。嘘を見抜く・見て盗む力の前提。集中とは向きが逆。閾値が無いので誰でも一生伸び続ける。あたまで唯一、才能ゼロの者でも積める,情報（気づいたことがそのまま情報になる。あたまで最も情報を生む）／スキル（狩り・斥候・医）／しがらみ（秘密を知ることで線が立つ）
あたま,その他,集中,9番,B,観察,ひとつのことに長く沈める。細工・写本・見張りのように途切れると台無しになる仕事を最後までやれる。周りが騒いでも手が乱れない,沈んでいる間、周りが見えない。近づく敵・泣いている子・始まった諍いに気づかない。中断されると強く苛立ち人と揉める。ひとつに沈むので、同時に複数を見る役には全く向かない,＋手先の器用さ → 細工物の上位（そのまま財になる）。＋忍耐 → 何年もかかる仕事（写本・築城・薬）を完成させられる,＋段取りが低い → ひとつを完璧にする間に他の全部が止まる。＋場を読むが低い → 話しかけられているのに応えず無礼と取られる,D,低い,中,中間遺伝,中,なし,手先の器用さ・視力と組む。観察とは向きが逆（集中は一点、観察は全体）で両方高い者は少ない,スキル（長い工程を要する技）／財（細工・写本は高く売れる）／ポジションランク（見張り・写字）／しがらみ（人と揉めやすい）
あたま,その他,学習速度,7番,B,なし,このステだけは他の全てのステの努力値の伸びに掛かる。同じ年数を同じ職で過ごしても積まれた量が違う。努力値の伸びを動かせるステはこれ一つだけ。若いうちほど差が大きく出る。転職したときにどこまで取り返せるかもこの値で決まる,速く伸びる者は早く頭打ちにも見える。周りが「もう伸びた」と見なしてそれ以上教えなくなる。若いうちに一つの職で伸びきると、その職から動かされなくなり配役が固定する。何でも早く覚えるのでどれも中途で切り上げる癖がつく。伸びが速いこと自体が村の目にはずるいと映る,＋理解の速さ → 分かる速さと積まれる量が揃い、同じ十年で別人になる。＋勤勉 → 積む機会そのものが増えるので掛け算で効く,＋好奇心 → 次々に別の職へ移りどれも生え抜きに届かない（引き継ぎ率は年齢で落ちる）。＋名誉欲 → 早く伸びたぶん早く役を望むので、年功を重んじる年長者に潰される,AA,高い,ほぼゼロ,中間遺伝,やや低い,なし,全ステに掛かる唯一のステ。単独では何もしないが、低い者はどの職に就いても年数ぶんしか積まれない。理解の速さとは別（あちらは分かるまでの速さ、こちらは積まれる量）。伸びしろをほぼゼロにしてあるのは、学習速度を鍛えて学習速度を上げるという複利を作らないため。この値はほぼ生まれつきで固定される,スキル（習得速度そのもの。全スキルに掛かる）／ポジションランク（早く使い物になるので若くして役に就く）／財（一人前までの年数が短い＝稼ぐ年数が長い）
あたま,覚える,見て盗む力,6番,B,なし,一度見た動きを教わらずに自分の体へ写せる。文字も手本帳も無い世界で、隣の村の鋤の使い方や敵の陣の組み方を見ただけで持ち帰れる。師が教えたがらない工程を、そばで見ているだけで習得する,見て真似るだけなので、なぜそうするのかを知らない。条件が変わると同じ手が通らず大きく外す。工程を盗まれた側から憎まれる。職人の秘伝を盗む行為は中世では十分に殺される理由になる,＋観察 → 一度の見学で工程の順まで持ち帰る。＋体で覚える力 → 見た翌日には手が動く（他家の技が村に流れ込む）,＋貪欲 → 手当たり次第に盗み複数の家から同時に恨まれる。＋論理が低い → 形だけ真似て中身を外し、真似た技で事故を起こす,C,低い,大きい,中間遺伝,中,なし,観察と体で覚える力の積で効く。単独では働かない。創意の材料になる。よその工程を何回見たかで積まれるので、村から出ない者は伸びない,スキル（師なしで他人のスキルを得る唯一の道）／しがらみ（盗まれた側に恨みが立つ）／情報（工程を知っていることとして持ち帰る）
あたま,覚える,顔と名前の覚え,9番,A,道と方角の覚え,何百人の顔と名前と、その者が誰の子で誰と揉めているかを取り違えない。数年ぶりに会った相手を名で呼べる。人は名で呼ばれると味方になりやすい。捕虜や逃亡者を人混みから見つけ出せる,相手の顔を覚えているということは、相手も自分に覚えられていると知るということ。過去を隠したい者から警戒される。誰が誰の縁者かを全部知っているので、どの縁にも触れられず身動きが取れなくなる,＋社交 → 人より多くの線を張れる（情報が集まる中心になる）。＋人読み → 顔ぶれを見ただけで場の力関係が分かる,＋嫉妬 → 誰が誰より上に行ったかを全部覚えているので敵意の対象が際限なく増える。＋情が低い → 人を名前と利害の一覧として扱い、周りから冷たいと見なされる,E,中,中,中間遺伝,中,なし,人読み・場を読むの前提。ここが低いと社交が高くてもしがらみが増えない。器の部分は生まれつきだが、名を呼ぶ習慣のある家に育つと積まれる,しがらみ（張れる線の本数の上限を決める）／情報（誰が誰かを知っている）／ポジションランク（人を集める役・徴収役に向く）
あたま,覚える,道と方角の覚え,9番,B,顔と名前の覚え,地図の無い世界で一度通った道を戻れる。森と沼を抜ける近道を持つ。遠征で隊を迷わせない。市の立つ町までの日数を外さないので商いの計画が立つ,道を知っている者は必ず案内役として連れて行かれる。危険な行程に繰り返し出され村に居られない。逃げ道も知っているので、脱走や密輸を疑われる,＋夜目 → 夜のうちに動ける（斥候・密使として代えが利かない）。＋持久力 → 遠方との行き来を担い村に外の情報を持ち込む,＋野心 → 逃げる先を知っているので村を捨てる決断が早い（村から人材が抜ける）。＋郷土愛が低い → 他所へ移り住みやすく、育てた側が損をする,D,低い,大きい,中間遺伝,やや低い,なし,空間把握と長期の記憶の組。視力・夜目・持久力と組んで初めて役に立つ。歩いた距離がそのまま積まれるので、村から出されない者は一生ゼロのまま,情報（道・距離・外の村の様子）／財（交易の成否）／ポジションランク（斥候・使者・隊の先導）
こころ,立ち向かう,度胸,11番,A,慎重,戦場で最初の一撃を受けても隊列から離れない。逃走の頻度依存カスケードの起点にならない。夜の見張り・獣の巣・敵地の斥候といった誰も行きたがらない役を引き受ける。交渉で相手の脅しに値引きしない。,勝てない戦から引かないので死にやすい。危険を過小に見積もる。低いと（臆病）先陣で崩れ、その崩れが伝染して隊が敗走する。ただし逃げる者は生き残って子を残すので、臆病は集団から消えない。局長にはこころが見えないので、臆病な男を先鋒に据えて隊ごと崩す。,＋忍耐→長い包囲でも脱走しない。＋最大筋力→前線が保つので団結への寄与が跳ねる。＋慎重→危険を測ったうえで踏み込める（同じ染色体の反対腕なので両方高いのは稀）,＋無謀（慎重が低い）→単騎で突っ込んで死に、家系が途切れる。＋気分の振れ幅が高い→勇と怯が月替わりで振れ、隊が本人を読めない。＋残酷さ→捕虜を独断で殺し体制怨恨を積む,D,該当なし,該当なし／危険な役を生きて帰るたびに育つ。ただし生まれつき低い者は最初の一戦で壊れ、何度出しても二度と立たない,優劣,高い,なし,打たれ強さ・痛覚の鈍さと束になる。恐慌に落ちにくいぶん集中が実質的に上がる。同じ染色体の反対腕が慎重なので、測ったうえで踏み込める指揮官型は稀にしか生まれない,スキル＝戦技と狩技の努力値が積まれやすい（危険な現場に立つ回数が多い）。ポジションランク＝軍務系の役に就きやすい。身分ランク＝戦功は平民から騎士に上がる数少ない経路。しがらみ＝守られた者から借りの線が張られる。財＝戦死すると分割相続で散る
こころ,立ち向かう,忍耐,11番,A,他責,飢饉・冬・長い包囲のあいだ働き続ける。不満が民心の低下に転じるまでの猶予が長い。徒弟修業を最後まで続けるので、覚えの遅い技も身につく。,我慢するので不満が表に出ない。本人も局長も限界に気づかず、超えた瞬間に一気に折れる（心が折れる状態異常が深く長い）。搾取されても声を上げないので、悪い局長はその村を選んで絞る。低いと（短気）諍いで人を殺し、個人怨恨の線が量産される。,＋勤勉→10年単位で努力値が最も積まれる型。＋従順→重い賦役でも一揆が起きない。＋信心→飢饉に最も強い心の組,＋執念→我慢しながら恨みだけ溜め続け、20年後に謀反側に立つ。＋気分の振れ幅が高い→我慢と爆発を繰り返し、家の中のしがらみを自分で壊す。＋保身→不当な扱いを訴えないので、悪い采配が発覚しない,E,該当なし,該当なし／飢饉と長い修業を越えるたびに育つ。逆に一度限界を超えて折れると大きく戻る,優劣,やや高い,なし,持久力・疲労の抜けやすさと噛み合う。集中を伸ばす。同じ染色体の反対腕が他責なので、自分のせいだと思って耐える者と人のせいにして投げ出す者に分かれる,スキル＝閾値の高い技を最後まで習得できる。しがらみ＝短気側は恨みの線を量産する。ポジションランク＝長い交渉が要る役に向く。財＝短気は賠償と刃傷沙汰で減らす
こころ,立ち向かう,慎重,11番,B,度胸,危険を過小に見積もらない。冬に備えて種籾を残す。橋の腐りと堤の緩みに気づく。負ける戦を早く見切るので隊が生き残る。毒と腐った食物を避ける。,好機を逃す。決断が遅く、飢饉で動くべきときに動かない。行動として見ると臆病と区別がつかないので、こころの見えない局長には使えない男に映る。低いと（無謀）勝算のない戦を始め、無理な開墾で人を死なせる。,＋度胸→危険を測ったうえで踏み込める。指揮官の理想型だが同じ染色体の反対腕なので両方高いのは稀。＋観察→罠と待ち伏せを見抜く。＋数の感覚→備蓄と兵站の判断が正確になる,＋保身→何も決めない不作為になり、産出が説明なく下がる。＋臆病（度胸が低い）→何一つ引き受けない。こころが見えない局長は怠けていると誤って罰する。＋低い弁舌→正しい警告が誰にも通らない,E,該当なし,該当なし／痛い目に遭って生きて帰った回数で育つ。無傷で育った者は歳を取っても慎重にならない,優劣,やや高い,なし,観察・場を読むと噛み合う。反射や敏捷とは無関係で、混同すると配役を外す,財＝蓄えが残り飢饉の生存率に直結する。情報＝危険の知識を溜める。ポジションランク＝兵站・出納の役に向く。しがらみ＝人を死なせないので恨みを買わない。スキル＝危険な現場を避けるぶん戦技が伸びない
こころ,欲する,野心,10番,A,従順,役に就きたがるので、与えられた役で全力を出す（意欲係数の本体）。閾値の高い職に自分から進む。危険な役を買って出て身分を上げる。素の野心に加えて、知性が上位20%を超えた分×0.6が常に乗るので、賢い者は探さなくても自分から役を取りに来る。立場が上がるたびに加算が積まれるので、重く用いた者ほどその役で出す力が大きい。ラチェットなので降ろされても働く意欲だけは落ちない。,今の役に満足しないので、上が詰まると腐って働かなくなる。三つの足し算のうち立場の分は上がるだけで下がらないので、オーナーが引き上げた者だけが危険になる。左遷しても降格しても野心は一つも減らず、恨みの線だけが増える。隔離を続ければ、優秀で野心があって恨んでいて団結した集落を自分の手で作ることになる。消えるのは寿命によってのみ。野心が高いだけでは謀反しない。恨みの線と、飢饉・粛清・敗戦のような状況が揃って初めて動く。局長にはこころが見えないので、野心90の男を良かれと思って抜擢する。オーナーには見えるが、罰せるのは謀反ではなくその男を選んだ局長のほうである。低いと（安住）能力があっても役を断り、才能が畑で終わる。ただし知性が上位10%で野心20未満の者は89人に1人の当たりで、局長には賢い男としか見えず、オーナーだけが当たりだと分かる。戦で死なせないために引き上げれば立場の加算が乗り、守ろうとした瞬間に当たりでなくなる。,＋弁舌→人を集められるので局長候補になる。＋勤勉→身分を実力で上げる数少ない型。＋段取り→就いた役の産出が実際に上がる。＋論理と理解の速さ→知性の分が上乗せされ、賢さと意欲が同時に立つので探す手間が要らない,＋執念＋恨みの線→謀反の三条件のうち二つが揃う。残りは状況だけ。しかも降格しても野心が落ちないので、左遷は恨みだけを足す。＋序列意識が高く身分が低い→上がれない理由を制度に帰し、体制怨恨に転じる。＋短気（忍耐が低い）→待てずに早すぎる時期に動いて潰される。＋高い知性（理解の速さ）→賢さで選んだつもりが野心で選んでいる。＋気分の振れ幅が高い→立場で積んだ分まで増幅され、満たされない月の不満が跳ねる,D,該当なし,該当なし／立場が上がるたびに加算される（ラチェット。上がるが下がらない。消えるのは寿命のみ）。知性が上位20%を超えた分×0.6も常時乗る,優劣,中,なし,弁舌・段取りの努力値を積ませる。勤勉と相関はしないが外から見た結果が似るので取り違えやすい。あたまの知性が上位20%を超えた分×0.6がこの値に加算されるので、素が低くても賢ければ高く出る。遺伝して座位に載るのは素の分だけで、表示される値は素と知性と立場の合計である,ポジションランク＝役を取りに行く。意欲係数を押し上げる最大の要因。就いた段（村長・街長・局長）の数だけ加算が積み上がる。身分ランク＝上げようとする。しがらみ＝派閥の線を張る（安住側は張らない）。降ろしても値は落ちないので恨みの線だけが増える。情報＝上の動きを集める。財＝役を取るために散財する
こころ,欲する,名誉欲,10番,A,保身,称号・褒賞・名で満たせるので、実資源をほとんど渡さずに働かせられる。武勲を立てたがるので危険な戦に出る。名を残すために堤・橋・寺を作る。,名を汚されると死ぬまで許さない。褒賞が他人に行くと、それがそのまま不満になる。式典と体面に財をかけるので家が傾く。低いと（無欲）褒賞でも称号でも動かないので、オーナーが外から操作できる手が一本まるごと消える。,＋誇り→軍の顔になり士気の中心になる。＋勤勉→名のために生涯働き続ける。＋度胸→誰も引き受けない役を名誉として引き受ける,＋嫉妬→他人の叙勲が自分の損失になり、讒言に走る。＋執念→一度の恥辱を家系の恨みにする。＋気分の振れ幅が高い→称賛のたびに舞い上がり、無視された月に崩れる。＋野心→立場が上がるほど名誉の欲も満たされにくくなり、次の段を求め続ける,F,該当なし,該当なし／褒賞と称号を受けた回数で育つ。幼少期にそれで満たされた者は外発になり、褒賞が止まると動かなくなる,優劣,やや低い,なし,誇り・序列意識と束になりやすい。野心・誇りと同じ腕にあるので、従順で御しやすい血を集めると、名誉だけで安く動かせる者も一緒に消える,身分ランク＝叙勲を求める。財＝名のために使うので減る。しがらみ＝恥をかかせた相手への恨みの線。ポジションランク＝目立つ役を選び、地味だが要の役を嫌う。情報＝自分の評判ばかり集める
こころ,欲する,貪欲,14番,A,正直さ,財を増やそうとするので開墾・交易・貸付に手を出し、国の富の総量を押し上げる。飢饉の前に蓄える（蓄えは餓死判定に直接効く）。,横領と隠匿の本体。民心が下がった局面で、反乱を起こす前にまず収穫を隠す。それが産出率を消費より下げる崩壊条件に直結する。頻度依存が効くので、貪欲な者が増えれば経済が崩れて奪う先が消える。低いと（足るを知る）蓄えないので、不作の年に一家が消える。,＋段取り＋数の感覚→出納と交易で財が跳ねる。＋忍耐→何十年もかけて土地を集める。＋慎重→蓄えが飢饉を越す,＋体制怨恨の線→隠匿が盗みではなく正当な取り返しになり、抑止が効かなくなる。＋低い正直さ→帳簿を偽る。局長は数字だけを見て正しいと判断する。＋残酷さ→取り立てで人を殺し、村ごと恨みの線が張られる,N,該当なし,該当なし／飢えと欠乏を一度くぐると育つ。豊かなまま育った者は歳を取っても蓄えない,優劣,やや高い,なし,数の感覚・段取りを活かす。飢えへの強さの不足を蓄えで補える。同じ染色体の反対腕が正直さなので、秤を誤魔化す血からは帳簿を汚さない者が出にくい,財＝増える。ただし隠した分は国に計上されない。情報＝相場と誰が何を持っているかを集める。しがらみ＝貸しの線を大量に張る（相手を縛るが恨みも生む）。ポジションランク＝出納の役に就けると横領する
こころ,欲する,勤勉,11番,A,なし,努力値が積まれる回数が多い。同じ才能でも10年で差がつく。冬のあいだも道具を直し、畑の縁を整える。,体を壊す。疲労と古傷が早く来て、老いの倍率が先に下がる。休まないので病への抵抗が落ちる。周りにも同じ働きを要求するので、怠惰な者との間に軋轢が生まれる。低いと（怠惰）働かないが、怠惰は長命で疲労が溜まらないという出力を持つので、飢饉の年に生き残るのはむしろ怠惰な側のことがある。頻度依存で、怠惰が増えれば全員飢える。,＋忍耐→努力値の総量が最大になる型。＋学習速度→若いうちに職が固まる（早期の配役が最も効く）。＋潔癖→仕上げの質が落ちない,＋無謀（慎重が低い）→無理を続けて30代で古傷を抱える。＋序列意識が高い→働かない上役への怨恨に転じる。＋気分の振れ幅が高い→働きすぎと寝込みを繰り返し、通年では凡人に届かない,D,該当なし,該当なし／幼少期にどれだけ働かされたかで決まる。大人になってからはほとんど動かず、代わりに周囲からうつる,優劣,やや低い,なし,持久力を消耗させる。老いの速さを早める。野心とは相関しないので上昇↔安定の染色体には載せていない（外から見た結果が似るので取り違えやすい）。持久力と老いの速さは遺伝方式が違うため連鎖にはできず、実行時に掛かる,スキル＝全スキルの伸びに掛かる。財＝増える。しがらみ＝怠惰な血縁を養う負担から軋轢が生まれる。身分ランク＝勤勉だけでは上がらない（身分は生まれで決まる）
こころ,欲する,保身,10番,B,名誉欲,自分と家族を守るので危険な役を避けて長生きし、血が途切れない。無理な出兵をしないので部下も死なない。慎重と組めば、本当に危ない案件だけを止められる。,不作為の本体。決めるべきときに決めず、責任の所在を曖昧にする。産出が下がっていても報告しない（自分の落ち度になるから）。あたまが天才的でも意欲係数が落ちるので、抜擢しても能力の数割しか出ない。局長にはこころが見えないので、数字だけ見て抜擢して外す。部下を切って自分が残る。低いと（捨て身）自分を勘定に入れないので要のときに命を張るが、簡単に死ぬので育てた才能が消える。,＋慎重→本当に危ない案件だけ止められる参謀型（両方高いのは稀）。＋人読み→誰に責任を負わせずに済むかを見抜き、実際に部下を守る,＋低い正直さ→都合の悪い報告を握り潰す。年代記に偽の帰属が刻まれる。＋野心→上がりたいが責任は取らない。最も質の悪い局長。しかも立場で野心だけが積み上がるので、段を上げるほど悪化する。＋序列意識→上には従い下には押し付ける,N,該当なし,該当なし／一度責任を取らされて失脚した経験で跳ね上がる。若い頃の一度の粛清が生涯の型を決める,優劣,中,なし,慎重と紛らわしいが別物。慎重は判断の質、保身は動機。取り違えると配役を外す。野心の反対腕にあるので、危ない男を避けて安全な血を集め続けると決めない者ばかりが残る,ポジションランク＝意欲係数を下げるので、就いても力を出さない。情報＝都合の悪い情報を上に流さない。財＝隠す。しがらみ＝切り捨てた部下から恨みの線。身分ランク＝守るが上げない
こころ,人を思う,情,12番,A,残酷さ,子と老人を見捨てないので家族の生存率が上がる。飢饉のとき分け合うので村の総生存者が増える。人が付いてくるので隊がまとまる。,切るべき者を切れない。役に立たない縁者を役に据える（縁故でポジションの質が落ちる）。飢饉で自分の分を子に渡して死ぬ。捕虜を殺せず、逃がした相手が情報を持ち帰る。低いと（非情）粛清・間引き・見捨てが平然とできるので統治は効率的だが、粛清は体制怨恨を生み3世代後に謀反として返る。,＋人読み→誰が本当に困っているかが分かり、村の要になる。＋恩義→受けた恩を返し、しがらみの正の線が厚くなる。＋伝承意欲→子と弟子を最後まで教える,＋序列意識が高い→身内には情、外には序列。派閥の温床になる。＋色欲→情のつもりで手を出し、不倫の線を作る。＋低い正直さ→情に流されて帳簿と報告を歪める,E,該当なし,該当なし／生まれつきで経験ではほとんど動かない。子を持つと一時的に濃くなるが、素の値は生涯変わらない,優劣,中,なし,人読み・場を読むと噛み合う。同じ染色体の反対腕が残酷さなので、情の濃い血を集めると刑吏と間引きの担い手がいなくなる,しがらみ＝正の線（恩・借り）を厚く張る。ポジションランク＝縁故人事で質を落とす。財＝分け与えるので減る。情報＝相談される側になるので集まる
こころ,人を思う,執念,12番,B,信じやすさ,一度始めたことを終わらせる。10年かかる開墾・堤・仇討ちを完遂する。恩も忘れないので恩義の線が一生切れない。長い包囲と長い交渉で相手より先に折れない。,体制怨恨の本体。受けた仕打ちを忘れず、しかも子に語って継がせる。個人怨恨は本人の死で消えるが、執念の高い家系では体制への恨みとして残り続け、局長を切っても消えない（恨みは最初から局長個人に向いていない）。冤罪は最も純度の高い恨みを生むので、無実の者を罰したとき執念の高い家系だと3世代後に必ず返ってくる。低いと（淡白）恨みを引きずらないので統治は楽だが、恩も忘れる（忘恩）ので、助けた者が味方にならない。,＋忍耐→何十年でも待てるので、大工事と長期の交易に向く。＋長期の記憶→細部まで覚えている。年代記の生き証人になる。＋恩義→一度味方になれば一生味方,＋野心＋恨みの線→謀反の三条件のうち二つ。あとは飢饉・粛清・敗戦のどれかが来れば動く。しかも野心は降格しても落ちないので、左遷は恨みだけを足す。＋伝承意欲→恨みが家訓になり、血が絶えるまで消えない。＋残酷さ→報復が過剰になり、相手の家系にも同じ恨みが生まれて村が二つに割れる,C,該当なし,該当なし／恨みや誓いの本数は経験で増えるが、忘れにくさそのものは生涯ほとんど変わらない,優劣,高い,なし,長期の記憶と噛み合う。忍耐と束になる。同じ染色体の反対腕が信じやすさなので、忘れて信じ直す者と一生忘れない者に分かれる,しがらみ＝恨みの線が消えず、継承のときに出所（原因の事件）ごと引き継がれる。情報＝誰が何をしたかを覚えて子に伝える。ポジションランク＝前任者として弾かれると怨恨ノードになる（人事は流血しない粛清）。財＝復讐のために散財する
こころ,人を思う,嫉妬,12番,B,伝承意欲,他人に抜かれまいとして働く。誰かを落とせば満たされるので報酬コストがほぼゼロで動く。不当な優遇を見つける目になる。,有能な者を潰す。讒言と讒訴で人事を歪める。抜擢された者を認めないので受容係数が下がり、無名の抜擢が制度としては存在しても実際には機能しない。低いと（寛容）誰が上がっても構わないので、無能な縁故人事もそのまま通る。,＋勤勉→追い抜かれまいと積むので、村全体の産出が上がる。＋観察→不正な優遇を正確に見つける,＋序列意識が高い→自分より下の身分の者が上がることを絶対に許さず、有能な平民が潰れる。＋嘘のうまさ→讒言が通り、無実の者が罰され、最も純度の高い怨恨が生まれる。＋名誉欲→褒賞が他人に行くたびに敵が一人増える,N,該当なし,該当なし／かつて自分より下だった者に抜かれるたび少しずつ濃くなる。減る方向にはほとんど動かない,優劣,中,なし,嘘のうまさを悪用する。観察が高いと粗探しが正確になる。同じ染色体の反対腕が伝承意欲なので、抜かれるのが許せない親方の血からは弟子を育てる親方が出にくい,しがらみ＝負の線を量産する。ポジションランク＝抜擢の受容係数を下げる。情報＝他人の落ち度ばかり集める。身分ランク＝下からの上昇を止める側に回る
こころ,人を思う,伝承意欲,12番,A,嫉妬,知識は血で伝わらず人から人へしか渡らない。その唯一の駆動力である。子と弟子に技と知識を教える。閾値を満たした子が親の職に就くと努力値の立ち上がりが早い。年代記の口伝が続く。,子の適性を無視して自分の職を継がせる。閾値に届かない子を継がせると、その子の一生がまるごと無駄になる（何年やっても伸びない）。古いやり方を押し付けるので新しい技が入らない。そして恨みも同じ経路で継がれる。低いと（一代限り）その者が死ぬと技と知識がまるごと消える。名工の代で技術が途切れる。,＋情→子と弟子を見捨てずに最後まで教える。＋長期の記憶→失われかけた技と昔の事件が残る。＋弁舌→教えたことが正確に伝わる,＋執念→恨みが家訓になる。体制怨恨が家系に継承される経路そのもの。＋序列意識→身分の外には教えないので、技が階級に閉じる。＋誇り→自分のやり方以外を認めず弟子が育たない,E,該当なし,該当なし／自分の技が認められ、弟子が一人でも育った経験で伸びる。子を早くに亡くすと大きく落ちる,優劣,やや低い,なし,弁舌・長期の記憶と噛み合う。同じ染色体の反対腕が嫉妬なので、教える親方と抜かれるのが許せない親方は同じ血からは出にくい,スキル＝世代をまたぐ唯一の経路。情報＝同じく唯一の経路。身分ランク＝家業を固定する。しがらみ＝師弟の線が張られる。財＝相続を跡継ぎ一人に集める
こころ,序列に向かう,誇り,10番,A,恩義,曲げない。買収されない。約束を守る。降伏せずに戦うので敵に高くつく。職人としての仕上げで妥協しない。弁舌と声が揃うと人が付くので、こころの中で統率にいちばん近いのはこれである。,頭を下げられずに死ぬ。飢えても施しを受けない。格下と見た者の下では働かないので、降格した瞬間に不作為に入る。謝れないので収まる諍いが殺し合いになる。降格と左遷は誇りの高い者にとって粛清と同じ重さなので、そのまま怨恨ノードになる。しかも同じ腕の野心はラチェットで落ちないため、誇りを折られた者は上を目指す気持ちを保ったまま恨む。低いと（卑屈）誰の前でも折れるので、悪い局長の言いなりになり不正の実行役にされる。,＋度胸→軍の顔になり士気の中心になる。＋正直さ→買収も脅迫も効かない。監査に置ける唯一の型。＋潔癖→帳簿も誓いも汚さない,＋序列意識が高い→身分の低い上役の下では一切働かない。能力主義の人事が誇りひとつで壊れる。＋名誉欲→恥辱が家系の恨みになる。＋短気（忍耐が低い）→侮辱に即座に刃を抜く,F,該当なし,該当なし／身分と実績で育ち、降格・敗北・屈辱で削れる。上げるのは何十年、折るのは一度で足りる,優劣,やや高い,なし,弁舌・声と束になると人が付く（相手はあたまとからだなので連鎖にはできず実行時に掛かる）。野心・名誉欲と同じ腕にあるため、野心を弾いて従順な血を集めると誇りも一緒に落ち、人が付く者がいなくなる。忠誠を買うと無能を掴むのはここ,身分ランク＝身分に見合った扱いを要求する。ポジションランク＝降格を受け入れない。しがらみ＝恥をかかせた相手への恨み。財＝体面のために減る。スキル＝妥協しないので仕上げの質が上がる
こころ,序列に向かう,序列意識,13番,B,社交,命令系統が保たれる。身分制が安定して動く。上下がはっきりしているので指揮が末端まで通る。式典と儀礼が守られる。,有能な平民を潰す。平民が騎士の上に立つなどありえないという理由だけで受容係数を下げ、抜擢を実際には機能させない。自分より上には従うが下には冷酷になる。低いと（平等志向）身分を無視するので、貴族の下では反抗的に見えて粛清の対象になりやすい。ただし平等志向が多い国では恐怖統治が即座に崩れる。,＋従順→上の命令が末端まで届く。恐怖統治が成立する型。＋誇り→自分の身分の役目は果たす。＋信心→身分を神の定めとして受け入れるので不満が怨恨に転じにくい,＋嫉妬→下からの上昇を組織的に潰し、能力主義が制度としては存在しても機能しない。＋野心が高いのに身分が低い→制度そのものへの怨恨に転じる。体制怨恨の主要な入口。＋残酷さ→下の身分の者を人として扱わなくなる,F,該当なし,該当なし／制度と周囲からうつるのが主で、本人の努力ではほとんど動かない。身分制を緩めると数世代かけて下がる,優劣,低い,なし,従順・誇りと束になる。抜擢の可否を決めるので、あたまの能力値を実質的に無効化しうる。同じ染色体の反対腕が社交なので、格で相手を選ぶ血からは身分をまたいで線を張る者が出にくい,身分ランク＝身分制の硬さそのもの。ポジションランク＝抜擢の受容係数を決める最大の要因。しがらみ＝身分をまたぐ縁組みを拒む。情報＝身分をまたいで情報が渡らなくなる
こころ,序列に向かう,従順,10番,B,野心,命令が通る。無理な賦役でも動く。恐怖統治が成立する。指揮下で隊列が崩れない。,間違った命令も同じだけ通るので、局長が誤れば村ごと死ぬ。自分で考えないので、指揮官が倒れた瞬間に隊が止まる。低いと（自律）命令が通らない。局長にはこころが見えないので、自律の高い男を末端に置いて命令が届かず、産出が説明なく落ちる。ただし自律側は指揮系統が切れても動けるので、災害と敗走のあとに立て直すのはこちら側になる。,＋忍耐→重い賦役でも一揆にならない。＋序列意識→命令が末端まで届く。＋恩義→主を替えない,＋低い正直さの局長の下→不正の実行役になり、露見したとき代わりに罰される（冤罪に近い恨みが残る）。＋執念→従いながら恨みだけ溜める。最も見えにくい謀反予備軍。＋低い論理→命令の意味を確かめずに実行して被害を広げる,N,該当なし,該当なし／幼少期の育て方と、逆らって罰された回数で決まる。成人後は動きにくい,優劣,やや低い,なし,論理・機転が高いほど自律側の価値が上がる。野心と同じ染色体の反対腕なので、従順な血を集めるほど誇りと名誉欲まで一緒に落ち、人を率いられる者がいなくなる,ポジションランク＝末端で使いやすいが、局長が誤ったときの被害が最大になる。しがらみ＝上への服従の線。身分ランク＝自分からは上がらない。情報＝上から降りたものしか持たない
こころ,外に開く,信じやすさ,12番,A,執念,味方のあいだで情報が速く回る。交易で最初の一度を引き受けるので商いが始まる。人が集まる。裏切られるまでは何も損をしない。,讒言と偽情報を素通しする。局長の嘘の報告をそのまま信じて上に流すので、年代記に偽の帰属が刻まれる。詐欺と偽の証文で財を失う。低いと（疑い深さ）誰も信じないので情報が入らず、交易も同盟も成立しない。味方まで疑うのでしがらみの線が細くなる。,＋人読み→信じるが見る目はある。最も情報が集まる型（両立は稀）。＋恩義→信じた相手との線が長く保つ,＋低い嘘を見抜く→騙され続ける。局長の虚偽報告が上に通る主要な経路になる。＋信心→偽の予言と偽の聖遺物に村ごと動く。＋気分の振れ幅が高い→信じきった相手に裏切られると心が折れ、抜けるのに何年もかかる,N,該当なし,該当なし／裏切られるたびに減る一方向。増える方向にはほとんど動かない,優劣,中,なし,嘘を見抜く・人読みが対になって効く（あたまなので遺伝方式が違い連鎖にはできず実行時に掛かる）。同じ染色体の反対腕が執念なので、忘れて信じ直す者と一生忘れない者に分かれる,情報＝入りやすいが真偽が混ざる。財＝騙されて減る。しがらみ＝線は多いが脆い。ポジションランク＝諜報と監査には置けない
こころ,外に開く,社交,13番,A,序列意識,出会う範囲が広がるので結婚相手の候補が増える（結婚は出会う範囲の中でランダムに起きる）。市と祭で商いの線が張れる。情報が集まる。,人と会っている時間は働いていない。噂の中心になるので秘密が漏れる。疫病の年に真っ先に死ぬ。低いと（孤独好み）出会う範囲が狭く、結婚できずに血が途切れる。情報も入らない。ただし一人で続ける仕事（写本・鍛冶・見張り）では努力値がよく積まれる。,＋弁舌→局長候補になる。人を動かせる。＋人読み→誰と組むべきかが分かるので交易と縁組みが強い。＋容姿→出会いが縁組みに変わる率が上がる,＋色欲→出会いの数だけ不倫の線が増え、しがらみが荒れる。＋口の軽さ→村中に秘密が回る。＋信じやすさ→広く騙される,E,該当なし,該当なし／市と祭と交易に出た回数で育つ。村から出ない暮らしでは一生伸びない,優劣,中,なし,弁舌・声・容姿と噛み合う。同じ染色体の反対腕が序列意識なので、身分を越えて交わる者と格で相手を選ぶ者に分かれる,しがらみ＝線の本数そのもの。結婚の成立率に直結する。情報＝集まる。財＝交易の線が張れる。ポジションランク＝人を集める役に向く
こころ,外に開く,好奇心,13番,A,郷土愛,新しい作り方・新しい作物・よその土地の技を持ち帰る。知識は血で伝わらないので、外から持ち込む者がいなければ技術は止まったままになる。未知の職に就いても続く。,続かない。転職を繰り返し、どの職でも努力値が中途半端に終わる（30歳を過ぎると取り返しがつかない）。危険な場所に行きたがる。よその土地から疫病を持ち込む。低いと（保守）新しいものを一切入れないので、村が数百年同じままになる。豊かで安全な国では、そもそも好奇心を伸ばす機会が来ない。,＋理解の速さ→よその技を持ち帰って自分のものにする。技術伝播の主役。＋度胸→遠方に行って生きて戻る。＋伝承意欲→持ち帰った技が次の代に残る,＋短気（忍耐が低い）→どの職も身につかず、生涯を通じて何者にもならない。＋無謀（慎重が低い）→知らない毒と知らない土地で死ぬ。＋郷土愛が低い→村を出て帰らないので労働力が流出する,D,該当なし,該当なし／若いうちに外を見た経験でだけ動く。26歳を過ぎるとほとんど動かない,優劣,やや高い,なし,学習速度・創意と噛み合う。近い職を渡り歩くので転職の引き継ぎ率を実質的に押し上げる。同じ染色体の反対腕が郷土愛なので、外へ出る血と土地に残る血が同時には濃くならない,情報＝外から入る数少ない経路のひとつ。スキル＝広く浅くなる。しがらみ＝よそ者との線が張られる。身分ランク＝身分を無視して動くので浮く
こころ,外に開く,郷土愛,13番,B,好奇心,村を出ないので労働力が残る。土地を守るために戦うので防衛戦で異常に強い。近隣で結婚するので村の結束が保たれる。,よそ者を受け入れない。捕虜の血が入らないので遺伝子プールが狭まり、悪い組み合わせが出やすくなる。出稼ぎに行かないので、不作の年に村ごと死ぬ。低いと（開放）よそへ移るので、育てた人材がそのまま流出する。,＋度胸→防衛戦の中核になる。＋恩義→村の相互扶助が厚くなる。＋伝承意欲→土地に固有の技が何代も残る,＋序列意識が高い→よそ者を下の身分として固定する。出自による差別の本体になる。＋嫉妬→流入者を潰す。＋執念→よその村との恨みが何代も続く,N,該当なし,該当なし／その土地で過ごした年数で育つ。移住させると失われ、次の土地では同じ高さまで戻らない,優劣,低い,なし,防衛時にだけ度胸を押し上げる。同じ染色体の反対腕が好奇心なので、閉じた村ほど外の技が入らない,しがらみ＝村の中で完結する。血統＝出自ラベルが混ざらない。情報＝外の情報が入らない。財＝土地に固定される
こころ,外に開く,信心,13番,B,口の軽さ,苦しみに意味を与えるので、飢饉と疫病でも心が折れにくい（不満が民心の低下に転じにくい）。称号でも財でもなく儀礼で満たせる欲なので、報酬コストが安い。誓いを破らない。,教会が命令系統の外にある。信心の高い者は局長の命令より司祭の言葉を採る。偽の預言と偽の聖遺物で村ごと動く。断食と喜捨で財と体力を減らす。異端とされた者を焼く。低いと（世俗）誓いに縛られないので裏切りやすく、また苦しみに意味を持てないので飢饉で心が折れやすい。,＋忍耐→どんな年でも耐える。最も飢饉に強い心の型。＋恩義→誓いと恩の両方で縛られるので裏切らない。＋長期の記憶→経典と儀礼を正確に伝える,＋信じやすさ→偽の預言者に村ごと付いていく。＋残酷さ→異端狩り。殺された側の家系に体制怨恨が刻まれる。＋序列意識→身分を神の定めとして固定し、上昇そのものを罪と見なす,F,該当なし,該当なし／村と司祭からうつるのが主。飢饉や疫病を生きて越えた年に大きく跳ねる,優劣,低い,なし,心が折れる状態異常への抵抗として、忍耐を実質的に押し上げる。同じ染色体の反対腕が口の軽さで、誓いと告解の秘密を守る側になる,しがらみ＝教会という別系統の線が張られる。ポジションランク＝局長の命令と競合する。財＝喜捨で減る。情報＝説教が唯一の外部情報になる村がある
こころ,外に開く,口の軽さ,13番,A,信心,情報が村と国の中を速く回る。敵の接近・疫病・不作といった危険が早く伝わる。よその技と相場が広まる。知識は人から人へしか渡らないので、これが低い国では知っていることが動かない。,秘密が守れない。出兵の予定・粛清の対象・誰が誰の子か・帳簿の中身が漏れる。噂は伝わるうちに歪むので、偽の帰属が広まる経路になる（局長の嘘が定着するのもここ）。漏らした相手の家に恨みを買う。低いと（口が堅い）秘密は守るが危険も伝わらず、村が知らないまま飢饉に入る。,＋社交→情報の集散点になる。市と祭の中心。＋観察→本当に重要なことを正確に広める（両立は稀）,＋嘘のうまさ→噂を作って流せる。讒言の実行経路そのもの。＋嫉妬→他人の落ち度だけを選んで広める。＋気分の振れ幅が高い→感情で色を付けて伝えるので、事実が原型を留めない,N,該当なし,該当なし／漏らして痛い目に遭うと少し減る。増える方向にはほとんど動かない,優劣,中,なし,弁舌・社交と束になる。同じ染色体の反対腕が信心なので、誓いと告解の秘密を守る血からは噂の運び手が出にくい,情報＝伝播の速さそのもの。しがらみ＝漏らした相手からの恨み。ポジションランク＝諜報と出納には置けない。財＝商いの手札が漏れて損をする
こころ,律する,色欲,14番,A,潔癖,子が多い。血が広く残る。求愛のために着飾り、働き、戦功を立てる（動機として強い）。結婚が出会う範囲のランダムなので、色欲の高い者は候補を自分から広げる。,原則1対1・重複なしの結婚の例外はここから出る。不倫の線と恋人の線が張られ、しがらみが荒れる。相手の伴侶に恨みの線が生まれ、それが個人怨恨として一生残る。失恋は状態異常として全ステに乗る。父の分からない子ができ、血統ラベルと相続が濁る。身分をまたいだ関係は双方の家に恥をもたらす。低いと（淡泊）子が少なく家系が細る。,＋容姿＋社交→出会いの数が増え、子の数が跳ねる。＋繁殖力→家系が最も広がる型。＋情→相手を捨てないので線が荒れにくい,＋気分の振れ幅が高い→恋と失恋を繰り返し、そのたびに全ステが落ちる。＋執念→振られた相手を家系ごと一生恨む。＋低い正直さ→隠すので発覚が遅れ、露見したときの恨みが最大になる。＋序列意識→身分違いの相手を捨てるので、捨てられた側の家系に恨みが残る,E,該当なし,該当なし／生まれつき。老いの倍率で実際の行動が減るだけで、素の値は動かない,優劣,高い,なし,繁殖力・容姿と噛み合う（からだなので遺伝方式が違い連鎖にはできず実行時に掛かる）。集中を落とす。同じ染色体の反対腕が潔癖,しがらみ＝最も荒らす。伴侶・恋人・不倫・恨みの線を同時に増やす。身分ランク＝身分違いの関係で下がることがある。財＝私生児への分配で散る。ポジションランク＝醜聞で失う。情報＝寝所で秘密が漏れる
こころ,律する,残酷さ,12番,B,情,粛清・間引き・見せしめができる。捕虜の扱いで敵を屈服させる。飢饉のとき口減らしを実行できるので村としては生き延びる。屠畜・刑吏・戦場の始末という、誰かがやらねばならない仕事が回る。,やった分だけ体制怨恨が積まれる。しかも殺された側の家系に継承され、3世代後に謀反として返る。冤罪の処刑が最も純度の高い恨みを生む。身内にも同じ刃が向くので家庭が壊れ、子が育たない。低いと（慈悲）捕虜を殺せず、逃がした敵が情報を持ち帰る。見せしめができないので、一度緩んだ規律が戻らない。,＋度胸→戦場で最後まで始末をつける。＋非情（情が低い）→粛清が実際に執行される。統治としての効率は最も高い,＋序列意識が高い→下の身分を人として扱わず、村ぐるみの体制怨恨になる。＋執念→報復が果てしなくなり、両家の血が絶えるまで続く。＋気分の振れ幅が高い→機嫌次第で人を殺す。誰も予測できないので周囲が全員恨みに転じる,D,該当なし,該当なし／人を殺した回数で育ち、ほとんど戻らない。ただし生まれつき慈悲深い者は、何度戦場に出しても人を殺せるようにならない,優劣,やや高い,なし,情と対で効く（同じ染色体の反対腕）。痛覚の鈍さとは無関係で、混同すると人選を誤る,しがらみ＝体制怨恨の最大の発生源。ポジションランク＝刑吏と軍務に向くが、置けば置くほど怨恨が積む。情報＝拷問で引き出せるが偽情報が混ざる。身分ランク＝恐怖で保つ
こころ,律する,潔癖,14番,B,色欲,傷が膿みにくい。井戸と食物を汚さないので村の疫病の発生が減る。手先の仕事で不良を出さない。帳簿と誓いを汚さないので不正に加担しない。,汚れ仕事を引き受けない（屠畜・葬送・便所・戦場の始末）。誰かがやらねばならない仕事が回らなくなる。他人の不潔と不正を許せないので村の中で孤立する。不正を告発して、告発された側の家系に恨みを買う。低いと（無頓着）疫病を持ち込み、傷が膿む。だが汚れ仕事を厭わないので、誰も就かない職に就ける。,＋病への強さ→疫病の年に生き残るので看護に置ける。＋手先の器用さ→細工と医術の質が上がる。＋正直さ→帳簿が汚れない,＋誇り→汚れ仕事を一切せず、飢えても施しを受けない。＋序列意識→身分の低い者を汚れているとして扱う。出自差別の一形態。＋執念→一度見た不正を一生許さず、告発を続けて逆に潰される,F,該当なし,該当なし／育った家の習わしでほぼ決まる。戦場と疫病を見ると下がる方向にだけ動く,優劣,中,なし,病への強さ・傷の治りを実質的に押し上げる。同じ染色体の反対腕が色欲で、身を律する側と欲に従う側に分かれる,スキル＝医術と細工の質が上がる。ポジションランク＝汚れ仕事の役に就かない。しがらみ＝告発で恨みを買う。情報＝不正を見つける
こころ,律する,恩義,10番,B,誇り,受けた恩を返す。しがらみの正の線が実際に機能する。飢饉のとき助けた相手が助け返す。主を替えない。証文がなくても約束が守られる（中世では文書より重い）。,借りが枷になる。恩人が謀反を起こせば、正しくないと分かっていても付いていく。恩人の無能な子を役に据える。返しきれない借りを負うと、返すために罪を犯す。低いと（忘恩）借りを踏み倒せるので身軽だが、二度目は誰も助けない。飢饉の年に村から孤立して死ぬ。,＋情→村の相互扶助の中核。飢饉の生存率が最も高い型。＋執念→恩も恨みも忘れない。一度味方になれば一生味方。＋信心→誓いと恩の二重で縛られる,＋従順＋恩人が謀反側→本人に野心がなくても謀反の頭数になる。こころ単独では起きないが、しがらみが揃うとこうなる典型。＋低い正直さ→恩返しのために帳簿を偽る。＋序列意識→身分の高い恩人の言いなりになる,E,該当なし,該当なし／実際に助けられた経験と家の習わしで育つ。踏み倒して得をした経験で減る,優劣,やや低い,なし,情・執念と束になる。野心・誇り・名誉欲の反対腕にあるので、恩で縛れる者ばかりを集めると上に立てる者がいなくなる,しがらみ＝借りの線が実効を持つかどうかを決める。財＝返済で減る。ポジションランク＝恩人の縁故で就き、恩人と共に落ちる。情報＝恩人には隠さない
こころ,律する,正直さ,14番,B,貪欲,報告が歪まない。局長として置けば、不作も敗戦もそのまま上がってくる。オーナーが正しい事実を得られる数少ない経路になる。証文がなくても取引が成立する。誓いを守る。,交渉で手の内を全部見せるので、外交と商いで必ず損をする。言わなくてよい事実を言って人を傷つけ、恨みを買う。敵に問われて本当のことを答える。隠すべき味方の秘密を守れない。低いと（偽り）帳簿を偽り報告を歪めるので、真の原因と公表された帰属がずれる。それは年代記に残り、後世のオーナーも真実には辿り着けない。,＋誇り→買収も脅迫も効かない。監査と出納に置ける唯一の型。＋観察→見たままを正確に上げる。最良の目になる。＋潔癖→帳簿が二重に守られる,＋低い嘘のうまさ→隠し事が全部顔に出るので諜報に使えない。＋保身が高く正直さが低い→都合の悪い事実を握り潰す。産出の低下が発覚したときには手遅れ。＋嘘のうまさが高く正直さが低い→局長の嘘が通る。オーナーには同じ事実しか見えず、無能なのかグルなのか区別がつかない,F,該当なし,該当なし／一度嘘で大きく得をすると下がる。上がる方向にはほとんど動かない,優劣,中,なし,あたまの嘘のうまさは「できるか」、これは「やるか」。別物として掛かる（遺伝方式が違うので同じ染色体には載らない）。同じ染色体の反対腕は貪欲で、秤を誤魔化す欲と対になっている,情報＝真の原因と公表された帰属がずれるかどうかを決める。ポジションランク＝監査・出納・報告の役の適性。財＝正直な商人は儲からない。しがらみ＝約束が実効を持つ
こころ,揺れる,気分の振れ幅,11番,B,図太さ,単独では何も起こさない。他のこころを増幅する乗数である。振れ幅が高いと喜びも怒りも信心も恋も深くなり、同じ野心・同じ勤勉でも実際に動く量が大きい。芸・詩・信仰・求愛の熱はここから出る。,不満も同じ倍率で増幅される（不満＝Σ（欲の強度×未充足度）×この値）。満たされない月は民心を大きく引き下げる。心が折れる・恐慌・悲しみ・恋といった状態異常に入りやすく、抜けるのが遅い。月ごとに別人のように振れるが、局長にはこの値が見えないので気まぐれな男としか映らず、要の役に据えて事故を起こす。低いと（動じない）どんな欲も薄くなるので、褒賞でも脅しでも動かない。オーナーが外から操作できる手が全部効かなくなる。,＋信心→深い信仰になり、飢饉の村を支える。＋名誉欲→褒賞ひとつで人が変わる。最も安く動かせる型。＋創意→芸と工夫が跳ねる,＋自責（他責が低い）＋低い理解の速さ→集団自殺の遺伝的前提。誰とも戦わずに生産・繁殖・摂食が止まる。＋執念→恨みが薄れず、年々濃くなる。＋色欲→恋と失恋のたびに全ステが落ちる。＋臆病（度胸が低い）→恐慌が伝染する起点になる。＋野心→立場で積み上げた分まで増幅されるので、引き上げた者ほど満たされない月の落差が大きい,C,該当なし,該当なし／生まれつき。状態異常で一時的に大きく振れるが、素の値は生涯動かない,優劣,高い,なし,こころ全てに掛かる乗数（立場で積んだ野心の分にも掛かる）。あたまの集中を落とす。同じ染色体の反対腕が図太さで、折れない者と揺れる者に分かれる,しがらみ＝線の濃さを決める（愛も恨みも濃くなる）。ポジションランク＝要の役に置くと事故が起きる。情報＝感情で色を付けて伝える。財＝浪費と蓄えを繰り返す
こころ,揺れる,図太さ,11番,A,気分の振れ幅,心が折れない。折れる状態異常への抵抗そのもの。敗戦・粛清・飢饉のあとに立ち直る。人に嫌われても平気なので、憎まれ役の職（取り立て・徴税・刑吏）に就ける。侮辱で判断を曲げない。,人の痛みが分からない。部下が限界でも気づかず働かせて壊す。場を白けさせて交渉を壊す。村の不穏と部下の恨みという危険の兆候に鈍いので、謀反の予兆を最後まで見落とす。低いと（繊細）人の機微が分かり細かい仕事ができるが、一度の失敗と一度の叱責で長く沈む。,＋度胸→敗戦のあとに残って立て直す。＋忍耐→どんな職場でも続く。＋残酷さ→誰も就きたがらない刑吏の職が回る,＋低い場を読む→交渉を壊し、同盟が組めない。＋残酷さ→自分がしていることの重さに気づかず、恨みが積んでいることに最後まで気づかない。＋繊細（図太さが低い）かつ気分の振れ幅が高い→心が折れる状態異常が慢性化し、生涯戻らない,D,該当なし,該当なし／罵られ憎まれる役を続けるほど育つ。折れて立ち上がるたびに一段上がるので、苦労した老人は総じて高い,優劣,高い,なし,気分の振れ幅と対で効く（同じ染色体の反対腕）。場を読むの働きを打ち消す,ポジションランク＝憎まれ役に置ける唯一の型。しがらみ＝恨みの線が張られていることに気づかない。情報＝人の顔色から取れるはずの情報を取り落とす
こころ,揺れる,他責,11番,B,忍耐,不作でも敗戦でも自分を責めないので折れない。怒りが戦意に変わるので、戦闘と復讐で力が出る。理不尽に対して声を上げるので、悪い統治が表に出る。,すべての不幸を誰かのせいにする。天候不順も疫病も局長のせいになるので、体制怨恨の主要な燃料になる。自分の誤りを直さないので同じ失敗を繰り返す。扇動されやすい。低いと（自責）すべてを自分のせいにする。気分の振れ幅が高く理解の速さが低い者に自責が重なると、集団自殺（誰とも戦わずに生産・繁殖・摂食が止まる）の遺伝的前提が揃う。これはオーナー自身が育てた国民の構成でしか起きない。,＋度胸→怒りが前線での粘りになる。＋弁舌→理不尽を言葉にできるので、改革の起点になることもある,＋執念→原因を取り違えたまま何代も恨む。冤罪の裏返しで、無実の相手を家系ごと恨み続ける。＋信じやすさ→扇動者の指す相手をそのまま敵と信じる。＋気分の振れ幅が高く自責側→上記の集団自殺の前提が揃う。＋立場から積んだ野心→降格を全部他人のせいにするので、左遷が恨みに変わる速さが最大になる,E,該当なし,該当なし／理不尽を経験した回数と、扇動された回数で少しずつ他責側に寄る。戻らない,優劣,中,なし,気分の振れ幅で増幅される。忍耐を実質的に削る（同じ染色体の反対腕）,しがらみ＝恨みの向き先を決める（体制怨恨になるか個人怨恨になるか）。ポジションランク＝失敗を部下のせいにする。情報＝原因の帰属を歪めて伝える。財＝損を他人のせいにするので取り立てが荒れる
