大項目,中項目,名前,高いといい面,高いと悪い面,相互関係でさらにいい面,相互関係でさらに悪い面,レア度,遺伝率の基準値,他のステへの影響,他の枠への影響
こころ,立ち向かう,度胸,戦場で最初の一撃を受けても隊列から離れない。逃走の頻度依存カスケードの起点にならない。夜の見張り・獣の巣・敵地の斥候といった誰も行きたがらない役を引き受ける。交渉で相手の脅しに値引きしない。,勝てない戦から引かないので死にやすい。危険を過小に見積もる。低いと（臆病）先陣で崩れ、その崩れが伝染して隊が敗走する。ただし逃げる者は生き残って子を残すので、臆病は集団から消えない。局長にはこころが見えないので、臆病な男を先鋒に据えて隊ごと崩す。,＋忍耐→長い包囲でも脱走しない。＋最大筋力→前線が保つので団結への寄与が跳ねる。＋慎重→危険を測ったうえで踏み込める（両方高いのは稀）,＋無謀（慎重が低い）→単騎で突っ込んで死に、家系が途切れる。＋気分の振れ幅が高い→勇と怯が月替わりで振れ、隊が本人を読めない。＋残酷さ→捕虜を独断で殺し体制怨恨を積む,D,高い,打たれ強さ・痛覚の鈍さと束になる。恐慌に落ちにくいぶん集中が実質的に上がる,スキル＝戦技と狩技の努力値が積まれやすい（危険な現場に立つ回数が多い）。ポジションランク＝軍務系の役に就きやすい。身分ランク＝戦功は平民から騎士に上がる数少ない経路。しがらみ＝守られた者から借りの線が張られる。財＝戦死すると分割相続で散る
こころ,立ち向かう,忍耐,飢饉・冬・長い包囲のあいだ働き続ける。不満が民心の低下に転じるまでの猶予が長い。徒弟修業を最後まで続けるので、覚えの遅い技も身につく。,我慢するので不満が表に出ない。本人も局長も限界に気づかず、超えた瞬間に一気に折れる（心が折れる状態異常が深く長い）。搾取されても声を上げないので、悪い局長はその村を選んで絞る。低いと（短気）諍いで人を殺し、個人怨恨の線が量産される。,＋勤勉→10年単位で努力値が最も積まれる型。＋従順→重い賦役でも一揆が起きない。＋信心→飢饉に最も強い心の組,＋執念→我慢しながら恨みだけ溜め続け、20年後に謀反側に立つ。＋気分の振れ幅が高い→我慢と爆発を繰り返し、家の中のしがらみを自分で壊す。＋保身→不当な扱いを訴えないので、悪い采配が発覚しない,E,やや高い,持久力・疲労の抜けやすさと噛み合う。集中を伸ばす,スキル＝閾値の高い技を最後まで習得できる。しがらみ＝短気側は恨みの線を量産する。ポジションランク＝長い交渉が要る役に向く。財＝短気は賠償と刃傷沙汰で減らす
こころ,立ち向かう,慎重,危険を過小に見積もらない。冬に備えて種籾を残す。橋の腐りと堤の緩みに気づく。負ける戦を早く見切るので隊が生き残る。毒と腐った食物を避ける。,好機を逃す。決断が遅く、飢饉で動くべきときに動かない。行動として見ると臆病と区別がつかないので、こころの見えない局長には「使えない男」に映る。低いと（無謀）勝算のない戦を始め、無理な開墾で人を死なせる。,＋度胸→危険を測ったうえで踏み込める。指揮官の理想型だが両方高いのは稀。＋観察→罠と待ち伏せを見抜く。＋数の感覚→備蓄と兵站の判断が正確になる,＋保身→何も決めない不作為になり、産出が説明なく下がる。＋臆病（度胸が低い）→何一つ引き受けない。こころが見えない局長は「怠けている」と誤って罰する。＋低い弁舌→正しい警告が誰にも通らない,E,やや高い,観察・場を読むと噛み合う。反射や敏捷とは無関係で、混同すると配役を外す,財＝蓄えが残り飢饉の生存率に直結する。情報＝危険の知識を溜める。ポジションランク＝兵站・出納の役に向く。しがらみ＝人を死なせないので恨みを買わない。スキル＝危険な現場を避けるぶん戦技が伸びない
こころ,欲する,野心,役に就きたがるので、与えられた役で全力を出す（意欲係数の本体）。閾値の高い職に自分から進む。危険な役を買って出て身分を上げる。,今の役に満足しないので、上が詰まると腐って働かなくなる。ただし野心が高いだけでは謀反しない。恨みの線（しがらみ）と、飢饉・粛清・敗戦のような状況が揃って初めて動く。局長にはこころが見えないので、野心90の男を平気で登用する。オーナーには見えるが、罰せるのは謀反ではなく「その男を選んだ局長」のほうである。低いと（安住）能力があっても役を断り、才能が畑で終わる。,＋弁舌→人を集められるので局長候補になる。＋勤勉→身分を実力で上げる数少ない型。＋段取り→就いた役の産出が実際に上がる,＋執念＋恨みの線→謀反の三条件のうち二つが揃う。残りは状況だけ。＋序列意識が高く身分が低い→上がれない理由を制度に帰し、体制怨恨に転じる。＋短気（忍耐が低い）→待てずに早すぎる時期に動いて潰される,D,中,弁舌・段取りの努力値を積ませる。勤勉と相関はしないが外から見た結果が似るので取り違えやすい,ポジションランク＝役を取りに行く。意欲係数を押し上げる最大の要因。身分ランク＝上げようとする。しがらみ＝派閥の線を張る（安住側は張らない）。情報＝上の動きを集める。財＝役を取るために散財する
こころ,欲する,名誉欲,称号・褒賞・名で満たせるので、実資源をほとんど渡さずに働かせられる。武勲を立てたがるので危険な戦に出る。名を残すために堤・橋・寺を作る。,名を汚されると死ぬまで許さない。褒賞が他人に行くと、それがそのまま不満になる。式典と体面に財をかけるので家が傾く。低いと（無欲）褒賞でも称号でも動かないので、オーナーが外から操作できる手が一本まるごと消える。,＋誇り→軍の顔になり士気の中心になる。＋勤勉→名のために生涯働き続ける。＋度胸→誰も引き受けない役を名誉として引き受ける,＋嫉妬→他人の叙勲が自分の損失になり、讒言に走る。＋執念→一度の恥辱を家系の恨みにする。＋気分の振れ幅が高い→称賛のたびに舞い上がり、無視された月に崩れる,F,やや低い,誇り・序列意識と束になりやすい,身分ランク＝叙勲を求める。財＝名のために使うので減る。しがらみ＝恥をかかせた相手への恨みの線。ポジションランク＝目立つ役を選び、地味だが要の役を嫌う。情報＝自分の評判ばかり集める
こころ,欲する,貪欲,財を増やそうとするので開墾・交易・貸付に手を出し、国の富の総量を押し上げる。飢饉の前に蓄える（蓄えは餓死判定に直接効く）。,横領と隠匿の本体。民心が下がった局面で、反乱を起こす前にまず収穫を隠す。それが産出率を消費より下げる崩壊条件に直結する。頻度依存が効くので、貪欲な者が増えれば経済が崩れて奪う先が消える。低いと（足るを知る）蓄えないので、不作の年に一家が消える。,＋段取り＋数の感覚→出納と交易で財が跳ねる。＋忍耐→何十年もかけて土地を集める。＋慎重→蓄えが飢饉を越す,＋体制怨恨の線→隠匿が「盗み」ではなく「正当な取り返し」になり、抑止が効かなくなる。＋低い正直さ→帳簿を偽る。局長は数字だけを見て正しいと判断する。＋残酷さ→取り立てで人を殺し、村ごと恨みの線が張られる,N,やや高い,数の感覚・段取りを活かす。飢えへの強さの不足を蓄えで補える,財＝増える。ただし隠した分は国に計上されない。情報＝相場と誰が何を持っているかを集める。しがらみ＝貸しの線を大量に張る（相手を縛るが恨みも生む）。ポジションランク＝出納の役に就けると横領する
こころ,欲する,勤勉,努力値が積まれる回数が多い。同じ才能でも10年で差がつく。冬のあいだも道具を直し、畑の縁を整える。,体を壊す。疲労と古傷が早く来て、老いの倍率が先に下がる。休まないので病への抵抗が落ちる。周りにも同じ働きを要求するので、怠惰な者との間に軋轢が生まれる。低いと（怠惰）働かないが、怠惰は長命で疲労が溜まらないという出力を持つので、飢饉の年に生き残るのはむしろ怠惰な側のことがある。頻度依存で、怠惰が増えれば全員飢える。,＋忍耐→努力値の総量が最大になる型。＋学習速度→若いうちに職が固まる（早期の配役が最も効く）。＋潔癖→仕上げの質が落ちない,＋無謀（慎重が低い）→無理を続けて30代で古傷を抱える。＋序列意識が高い→働かない上役への怨恨に転じる。＋気分の振れ幅が高い→働きすぎと寝込みを繰り返し、通年では凡人に届かない,D,やや低い,持久力を消耗させる。老いの速さを早める,スキル＝全スキルの伸びに掛かる。財＝増える。しがらみ＝怠惰な血縁を養う負担から軋轢が生まれる。身分ランク＝勤勉だけでは上がらない（身分は生まれで決まる）
こころ,欲する,保身,自分と家族を守るので危険な役を避けて長生きし、血が途切れない。無理な出兵をしないので部下も死なない。慎重と組めば、本当に危ない案件だけを止められる。,不作為の本体。決めるべきときに決めず、責任の所在を曖昧にする。産出が下がっていても報告しない（自分の落ち度になるから）。攻撃素質が天才的でも意欲係数が落ちるので、抜擢しても能力の数割しか出ない。局長にはこころが見えないので、数字だけ見て抜擢して外す。部下を切って自分が残る。低いと（捨て身）自分を勘定に入れないので要のときに命を張るが、簡単に死ぬので育てた才能が消える。,＋慎重→本当に危ない案件だけ止められる参謀型（両方高いのは稀）。＋人読み→誰に責任を負わせずに済むかを見抜き、実際に部下を守る,＋低い正直さ→都合の悪い報告を握り潰す。年代記に偽の帰属が刻まれる。＋野心→上がりたいが責任は取らない。最も質の悪い局長。＋序列意識→上には従い下には押し付ける,N,中,慎重と紛らわしいが別物。慎重は判断の質、保身は動機。取り違えると配役を外す,ポジションランク＝意欲係数を下げるので、就いても力を出さない。情報＝都合の悪い情報を上に流さない。財＝隠す。しがらみ＝切り捨てた部下から恨みの線。身分ランク＝守るが上げない
こころ,人を思う,情,子と老人を見捨てないので家族の生存率が上がる。飢饉のとき分け合うので村の総生存者が増える。人が付いてくるので隊がまとまる。,切るべき者を切れない。役に立たない縁者を役に据える（縁故でポジションの質が落ちる）。飢饉で自分の分を子に渡して死ぬ。捕虜を殺せず、逃がした相手が情報を持ち帰る。低いと（非情）粛清・間引き・見捨てが平然とできるので統治は効率的だが、粛清は体制怨恨を生み3世代後に謀反として返る。,＋人読み→誰が本当に困っているかが分かり、村の要になる。＋恩義→受けた恩を返し、しがらみの正の線が厚くなる。＋伝承意欲→子と弟子を最後まで教える,＋序列意識が高い→身内には情、外には序列。派閥の温床になる。＋色欲→情のつもりで手を出し、不倫の線を作る。＋低い正直さ→情に流されて帳簿と報告を歪める,E,中,人読み・場を読むと噛み合う,しがらみ＝正の線（恩・借り）を厚く張る。ポジションランク＝縁故人事で質を落とす。財＝分け与えるので減る。情報＝相談される側になるので集まる
こころ,人を思う,執念,一度始めたことを終わらせる。10年かかる開墾・堤・仇討ちを完遂する。恩も忘れないので恩義の線が一生切れない。長い包囲と長い交渉で相手より先に折れない。,体制怨恨の本体。受けた仕打ちを忘れず、しかも子に語って継がせる。個人怨恨は本人の死で消えるが、執念の高い家系では体制への恨みとして残り続け、局長を切っても消えない（恨みは最初から局長個人に向いていない）。冤罪は最も純度の高い恨みを生むので、無実の者を罰したとき執念の高い家系だと3世代後に必ず返ってくる。低いと（淡白）恨みを引きずらないので統治は楽だが、恩も忘れる（忘恩）ので、助けた者が味方にならない。,＋忍耐→何十年でも待てるので、大工事と長期の交易に向く。＋長期の記憶→細部まで覚えている。年代記の生き証人になる。＋恩義→一度味方になれば一生味方,＋野心＋恨みの線→謀反の三条件のうち二つ。あとは飢饉・粛清・敗戦のどれかが来れば動く。＋伝承意欲→恨みが家訓になり、血が絶えるまで消えない。＋残酷さ→報復が過剰になり、相手の家系にも同じ恨みが生まれて村が二つに割れる,C,高い,長期の記憶と噛み合う。忍耐と束になる,しがらみ＝恨みの線が消えず、継承のときに出所（原因の事件）ごと引き継がれる。情報＝誰が何をしたかを覚えて子に伝える。ポジションランク＝前任者として弾かれると怨恨ノードになる（人事は流血しない粛清）。財＝復讐のために散財する
こころ,人を思う,嫉妬,他人に抜かれまいとして働く。誰かを落とせば満たされるので報酬コストがほぼゼロで動く。不当な優遇を見つける目になる。,有能な者を潰す。讒言と讒訴で人事を歪める。抜擢された者を認めないので受容係数が下がり、無名の抜擢が制度としては存在しても実際には機能しない。低いと（寛容）誰が上がっても構わないので、無能な縁故人事もそのまま通る。,＋勤勉→追い抜かれまいと積むので、村全体の産出が上がる。＋観察→不正な優遇を正確に見つける,＋序列意識が高い→自分より下の身分の者が上がることを絶対に許さず、有能な平民が潰れる。＋嘘のうまさ→讒言が通り、無実の者が罰され、最も純度の高い怨恨が生まれる。＋名誉欲→褒賞が他人に行くたびに敵が一人増える,N,中,嘘のうまさを悪用する。観察が高いと粗探しが正確になる,しがらみ＝負の線を量産する。ポジションランク＝抜擢の受容係数を下げる。情報＝他人の落ち度ばかり集める。身分ランク＝下からの上昇を止める側に回る
こころ,人を思う,伝承意欲,知識は血で伝わらず人から人へしか渡らない。その唯一の駆動力である。子と弟子に技と知識を教える。閾値を満たした子が親の職に就くと努力値の立ち上がりが早い。年代記の口伝が続く。,子の適性を無視して自分の職を継がせる。閾値に届かない子を継がせると、その子の一生がまるごと無駄になる（何年やっても伸びない）。古いやり方を押し付けるので新しい技が入らない。そして恨みも同じ経路で継がれる。低いと（一代限り）その者が死ぬと技と知識がまるごと消える。名工の代で技術が途切れる。,＋情→子と弟子を見捨てずに最後まで教える。＋長期の記憶→失われかけた技と昔の事件が残る。＋弁舌→教えたことが正確に伝わる,＋執念→恨みが家訓になる。体制怨恨が家系に継承される経路そのもの。＋序列意識→身分の外には教えないので、技が階級に閉じる。＋誇り→自分のやり方以外を認めず弟子が育たない,E,やや低い,弁舌・長期の記憶と噛み合う,スキル＝世代をまたぐ唯一の経路。情報＝同じく唯一の経路。身分ランク＝家業を固定する。しがらみ＝師弟の線が張られる。財＝相続を跡継ぎ一人に集める
こころ,序列に向かう,誇り,曲げない。買収されない。約束を守る。降伏せずに戦うので敵に高くつく。職人としての仕上げで妥協しない。,頭を下げられずに死ぬ。飢えても施しを受けない。格下と見た者の下では働かないので、降格した瞬間に不作為に入る。謝れないので収まる諍いが殺し合いになる。降格と左遷は誇りの高い者にとって粛清と同じ重さなので、そのまま怨恨ノードになる。低いと（卑屈）誰の前でも折れるので、悪い局長の言いなりになり不正の実行役にされる。,＋度胸→軍の顔になり士気の中心になる。＋正直さ→買収も脅迫も効かない。監査に置ける唯一の型。＋潔癖→帳簿も誓いも汚さない,＋序列意識が高い→身分の低い上役の下では一切働かない。能力主義の人事が誇りひとつで壊れる。＋名誉欲→恥辱が家系の恨みになる。＋短気（忍耐が低い）→侮辱に即座に刃を抜く,F,やや高い,弁舌・声と束になると人が付く,身分ランク＝身分に見合った扱いを要求する。ポジションランク＝降格を受け入れない。しがらみ＝恥をかかせた相手への恨み。財＝体面のために減る。スキル＝妥協しないので仕上げの質が上がる
こころ,序列に向かう,序列意識,命令系統が保たれる。身分制が安定して動く。上下がはっきりしているので指揮が末端まで通る。式典と儀礼が守られる。,有能な平民を潰す。「平民が騎士の上に立つなどありえない」という理由だけで受容係数を下げ、抜擢を実際には機能させない。自分より上には従うが下には冷酷になる。低いと（平等志向）身分を無視するので、貴族の下では反抗的に見えて粛清の対象になりやすい。ただし平等志向が多い国では恐怖統治が即座に崩れる。,＋従順→上の命令が末端まで届く。恐怖統治が成立する型。＋誇り→自分の身分の役目は果たす。＋信心→身分を神の定めとして受け入れるので不満が怨恨に転じにくい,＋嫉妬→下からの上昇を組織的に潰し、能力主義が制度としては存在しても機能しない。＋野心が高いのに身分が低い→制度そのものへの怨恨に転じる。体制怨恨の主要な入口。＋残酷さ→下の身分の者を人として扱わなくなる,F,低い,従順・誇りと束になる。抜擢の可否を決めるので、あたまの能力値を実質的に無効化しうる,身分ランク＝身分制の硬さそのもの。ポジションランク＝抜擢の受容係数を決める最大の要因。しがらみ＝身分をまたぐ縁組みを拒む。情報＝身分をまたいで情報が渡らなくなる
こころ,序列に向かう,従順,命令が通る。無理な賦役でも動く。恐怖統治が成立する。指揮下で隊列が崩れない。,間違った命令も同じだけ通るので、局長が誤れば村ごと死ぬ。自分で考えないので、指揮官が倒れた瞬間に隊が止まる。低いと（自律）命令が通らない。局長にはこころが見えないので、自律の高い男を末端に置いて命令が届かず、産出が説明なく落ちる。ただし自律側は指揮系統が切れても動けるので、災害と敗走のあとに立て直すのはこちら側になる。,＋忍耐→重い賦役でも一揆にならない。＋序列意識→命令が末端まで届く。＋恩義→主を替えない,＋低い正直さの局長の下→不正の実行役になり、露見したとき代わりに罰される（冤罪に近い恨みが残る）。＋執念→従いながら恨みだけ溜める。最も見えにくい謀反予備軍。＋低い論理→命令の意味を確かめずに実行して被害を広げる,N,やや低い,論理・機転が高いほど自律側の価値が上がる,ポジションランク＝末端で使いやすいが、局長が誤ったときの被害が最大になる。しがらみ＝上への服従の線。身分ランク＝自分からは上がらない。情報＝上から降りたものしか持たない
こころ,外に開く,信じやすさ,味方のあいだで情報が速く回る。交易で最初の一度を引き受けるので商いが始まる。人が集まる。裏切られるまでは何も損をしない。,讒言と偽情報を素通しする。局長の嘘の報告をそのまま信じて上に流すので、年代記に偽の帰属が刻まれる。詐欺と偽の証文で財を失う。低いと（疑い深さ）誰も信じないので情報が入らず、交易も同盟も成立しない。味方まで疑うのでしがらみの線が細くなる。,＋人読み→信じるが見る目はある。最も情報が集まる型（両立は稀）。＋恩義→信じた相手との線が長く保つ,＋低い嘘を見抜く→騙され続ける。局長の虚偽報告が上に通る主要な経路になる。＋信心→偽の予言と偽の聖遺物に村ごと動く。＋気分の振れ幅が高い→信じきった相手に裏切られると心が折れ、抜けるのに何年もかかる,N,中,嘘を見抜く・人読みが対になって効く,情報＝入りやすいが真偽が混ざる。財＝騙されて減る。しがらみ＝線は多いが脆い。ポジションランク＝諜報と監査には置けない
こころ,外に開く,社交,出会う範囲が広がるので結婚相手の候補が増える（結婚は出会う範囲の中でランダムに起きる）。市と祭で商いの線が張れる。情報が集まる。,人と会っている時間は働いていない。噂の中心になるので秘密が漏れる。疫病の年に真っ先に死ぬ。低いと（孤独好み）出会う範囲が狭く、結婚できずに血が途切れる。情報も入らない。ただし一人で続ける仕事（写本・鍛冶・見張り）では努力値がよく積まれる。,＋弁舌→局長候補になる。人を動かせる。＋人読み→誰と組むべきかが分かるので交易と縁組みが強い。＋容姿→出会いが縁組みに変わる率が上がる,＋色欲→出会いの数だけ不倫の線が増え、しがらみが荒れる。＋口の軽さ→村中に秘密が回る。＋信じやすさ→広く騙される,E,中,弁舌・声・容姿と噛み合う,しがらみ＝線の本数そのもの。結婚の成立率に直結する。情報＝集まる。財＝交易の線が張れる。ポジションランク＝人を集める役に向く
こころ,外に開く,好奇心,新しい作り方・新しい作物・よその土地の技を持ち帰る。知識は血で伝わらないので、外から持ち込む者がいなければ技術は止まったままになる。未知の職に就いても続く。,続かない。転職を繰り返し、どの職でも努力値が中途半端に終わる（30歳を過ぎると取り返しがつかない）。危険な場所に行きたがる。よその土地から疫病を持ち込む。低いと（保守）新しいものを一切入れないので、村が数百年同じままになる。豊かで安全な国では、そもそも好奇心を伸ばす機会が来ない。,＋理解の速さ→よその技を持ち帰って自分のものにする。技術伝播の主役。＋度胸→遠方に行って生きて戻る。＋伝承意欲→持ち帰った技が次の代に残る,＋短気（忍耐が低い）→どの職も身につかず、生涯を通じて何者にもならない。＋無謀（慎重が低い）→知らない毒と知らない土地で死ぬ。＋郷土愛が低い→村を出て帰らないので労働力が流出する,D,やや高い,学習速度・創意と噛み合う。近い職を渡り歩くので転職の引き継ぎ率を実質的に押し上げる,情報＝外から入る数少ない経路のひとつ。スキル＝広く浅くなる。しがらみ＝よそ者との線が張られる。身分ランク＝身分を無視して動くので浮く
こころ,外に開く,郷土愛,村を出ないので労働力が残る。土地を守るために戦うので防衛戦で異常に強い。近隣で結婚するので村の結束が保たれる。,よそ者を受け入れない。捕虜の血が入らないので遺伝子プールが狭まり、悪い組み合わせが出やすくなる。出稼ぎに行かないので、不作の年に村ごと死ぬ。低いと（開放）よそへ移るので、育てた人材がそのまま流出する。,＋度胸→防衛戦の中核になる。＋恩義→村の相互扶助が厚くなる。＋伝承意欲→土地に固有の技が何代も残る,＋序列意識が高い→よそ者を下の身分として固定する。出自による差別の本体になる。＋嫉妬→流入者を潰す。＋執念→よその村との恨みが何代も続く,N,低い,防衛時にだけ度胸を押し上げる,しがらみ＝村の中で完結する。血統＝出自ラベルが混ざらない。情報＝外の情報が入らない。財＝土地に固定される
こころ,外に開く,信心,苦しみに意味を与えるので、飢饉と疫病でも心が折れにくい（不満が民心の低下に転じにくい）。称号でも財でもなく儀礼で満たせる欲なので、報酬コストが安い。誓いを破らない。,教会が命令系統の外にある。信心の高い者は局長の命令より司祭の言葉を採る。偽の預言と偽の聖遺物で村ごと動く。断食と喜捨で財と体力を減らす。異端とされた者を焼く。低いと（世俗）誓いに縛られないので裏切りやすく、また苦しみに意味を持てないので飢饉で心が折れやすい。,＋忍耐→どんな年でも耐える。最も飢饉に強い心の型。＋恩義→誓いと恩の両方で縛られるので裏切らない。＋序列意識→身分を神の定めとして受け入れる,＋信じやすさ→偽の預言者に村ごと付いていく。＋残酷さ→異端狩り。殺された側の家系に体制怨恨が刻まれる。＋序列意識→身分を神の定めとして固定し、上昇そのものを罪と見なす,F,低い,心が折れる状態異常への抵抗として、忍耐を実質的に押し上げる,しがらみ＝教会という別系統の線が張られる。ポジションランク＝局長の命令と競合する。財＝喜捨で減る。情報＝説教が唯一の外部情報になる村がある
こころ,律する,色欲,子が多い。血が広く残る。求愛のために着飾り、働き、戦功を立てる（動機として強い）。結婚が出会う範囲のランダムなので、色欲の高い者は候補を自分から広げる。,原則1対1・重複なしの結婚の例外はここから出る。不倫の線と恋人の線が張られ、しがらみが荒れる。相手の伴侶に恨みの線が生まれ、それが個人怨恨として一生残る。失恋は状態異常として全ステに乗る。父の分からない子ができ、血統ラベルと相続が濁る。身分をまたいだ関係は双方の家に恥をもたらす。低いと（淡泊）子が少なく家系が細る。,＋容姿＋社交→出会いの数が増え、子の数が跳ねる。＋繁殖力→家系が最も広がる型。＋情→相手を捨てないので線が荒れにくい,＋気分の振れ幅が高い→恋と失恋を繰り返し、そのたびに全ステが落ちる。＋執念→振られた相手を家系ごと一生恨む。＋低い正直さ→隠すので発覚が遅れ、露見したときの恨みが最大になる。＋序列意識→身分違いの相手を捨てるので、捨てられた側の家系に恨みが残る,E,高い,繁殖力・容姿と噛み合う。集中を落とす,しがらみ＝最も荒らす。伴侶・恋人・不倫・恨みの線を同時に増やす。身分ランク＝身分違いの関係で下がることがある。財＝私生児への分配で散る。ポジションランク＝醜聞で失う。情報＝寝所で秘密が漏れる
こころ,律する,残酷さ,粛清・間引き・見せしめができる。捕虜の扱いで敵を屈服させる。飢饉のとき口減らしを実行できるので村としては生き延びる。屠畜・刑吏・戦場の始末という、誰かがやらねばならない仕事が回る。,やった分だけ体制怨恨が積まれる。しかも殺された側の家系に継承され、3世代後に謀反として返る。冤罪の処刑が最も純度の高い恨みを生む。身内にも同じ刃が向くので家庭が壊れ、子が育たない。低いと（慈悲）捕虜を殺せず、逃がした敵が情報を持ち帰る。見せしめができないので、一度緩んだ規律が戻らない。,＋度胸→戦場で最後まで始末をつける。＋非情（情が低い）→粛清が実際に執行される。統治としての効率は最も高い,＋序列意識が高い→下の身分を人として扱わず、村ぐるみの体制怨恨になる。＋執念→報復が果てしなくなり、両家の血が絶えるまで続く。＋気分の振れ幅が高い→機嫌次第で人を殺す。誰も予測できないので周囲が全員恨みに転じる,D,やや高い,情と対で効く。痛覚の鈍さとは無関係で、混同すると人選を誤る,しがらみ＝体制怨恨の最大の発生源。ポジションランク＝刑吏と軍務に向くが、置けば置くほど怨恨が積む。情報＝拷問で引き出せるが偽情報が混ざる。身分ランク＝恐怖で保つ
こころ,律する,潔癖,傷が膿みにくい。井戸と食物を汚さないので村の疫病の発生が減る。手先の仕事で不良を出さない。帳簿と誓いを汚さないので不正に加担しない。,汚れ仕事を引き受けない（屠畜・葬送・便所・戦場の始末）。誰かがやらねばならない仕事が回らなくなる。他人の不潔と不正を許せないので村の中で孤立する。不正を告発して、告発された側の家系に恨みを買う。低いと（無頓着）疫病を持ち込み、傷が膿む。だが汚れ仕事を厭わないので、誰も就かない職に就ける。,＋病への強さ→疫病の年に生き残るので看護に置ける。＋手先の器用さ→細工と医術の質が上がる。＋正直さ→帳簿が汚れない,＋誇り→汚れ仕事を一切せず、飢えても施しを受けない。＋序列意識→身分の低い者を「汚れている」として扱う。出自差別の一形態。＋執念→一度見た不正を一生許さず、告発を続けて逆に潰される,F,中,病への強さ・傷の治りを実質的に押し上げる,スキル＝医術と細工の質が上がる。ポジションランク＝汚れ仕事の役に就かない。しがらみ＝告発で恨みを買う。情報＝不正を見つける
こころ,律する,恩義,受けた恩を返す。しがらみの正の線が実際に機能する。飢饉のとき助けた相手が助け返す。主を替えない。証文がなくても約束が守られる（中世では文書より重い）。,借りが枷になる。恩人が謀反を起こせば、正しくないと分かっていても付いていく。恩人の無能な子を役に据える。返しきれない借りを負うと、返すために罪を犯す。低いと（忘恩）借りを踏み倒せるので身軽だが、二度目は誰も助けない。飢饉の年に村から孤立して死ぬ。,＋情→村の相互扶助の中核。飢饉の生存率が最も高い型。＋執念→恩も恨みも忘れない。一度味方になれば一生味方。＋信心→誓いと恩の二重で縛られる,＋従順＋恩人が謀反側→本人に野心がなくても謀反の頭数になる。こころ単独では起きないが、しがらみが揃うとこうなる典型。＋低い正直さ→恩返しのために帳簿を偽る。＋序列意識→身分の高い恩人の言いなりになる,E,やや低い,情・執念と束になる,しがらみ＝借りの線が実効を持つかどうかを決める。財＝返済で減る。ポジションランク＝恩人の縁故で就き、恩人と共に落ちる。情報＝恩人には隠さない
こころ,律する,正直さ,報告が歪まない。局長として置けば、不作も敗戦もそのまま上がってくる。オーナーが正しい事実を得られる数少ない経路になる。証文がなくても取引が成立する。誓いを守る。,交渉で手の内を全部見せるので、外交と商いで必ず損をする。言わなくてよい事実を言って人を傷つけ、恨みを買う。敵に問われて本当のことを答える。隠すべき味方の秘密を守れない。低いと（偽り）帳簿を偽り報告を歪めるので、真の原因と公表された帰属がずれる。それは年代記に残り、後世のオーナーも真実には辿り着けない。,＋誇り→買収も脅迫も効かない。監査と出納に置ける唯一の型。＋観察→見たままを正確に上げる。最良の目になる。＋潔癖→帳簿が二重に守られる,＋低い嘘のうまさ→隠し事が全部顔に出るので諜報に使えない。＋保身が高く正直さが低い→都合の悪い事実を握り潰す。産出の低下が発覚したときには手遅れ。＋嘘のうまさが高く正直さが低い→局長の嘘が通る。オーナーには同じ事実しか見えず、無能なのかグルなのか区別がつかない,F,中,あたまの嘘のうまさは「できるか」、これは「やるか」。別物として掛かる,情報＝真の原因と公表された帰属がずれるかどうかを決める。ポジションランク＝監査・出納・報告の役の適性。財＝正直な商人は儲からない。しがらみ＝約束が実効を持つ
こころ,揺れる,気分の振れ幅,単独では何も起こさない。他のこころを増幅する乗数である。振れ幅が高いと喜びも怒りも信心も恋も深くなり、同じ野心・同じ勤勉でも実際に動く量が大きい。芸・詩・信仰・求愛の熱はここから出る。,不満も同じ倍率で増幅される（不満＝Σ（欲の強度×未充足度）×この値）。満たされない月は民心を大きく引き下げる。心が折れる・恐慌・悲しみ・恋といった状態異常に入りやすく、抜けるのが遅い。月ごとに別人のように振れるが、局長にはこの値が見えないので「気まぐれな男」としか映らず、要の役に据えて事故を起こす。低いと（動じない）どんな欲も薄くなるので、褒賞でも脅しでも動かない。オーナーが外から操作できる手が全部効かなくなる。,＋信心→深い信仰になり、飢饉の村を支える。＋名誉欲→褒賞ひとつで人が変わる。最も安く動かせる型。＋創意→芸と工夫が跳ねる,＋自責（他責が低い）＋低い理解の速さ→集団自殺の遺伝的前提。誰とも戦わずに生産・繁殖・摂食が止まる。＋執念→恨みが薄れず、年々濃くなる。＋色欲→恋と失恋のたびに全ステが落ちる。＋臆病（度胸が低い）→恐慌が伝染する起点になる,C,高い,こころ全てに掛かる乗数。あたまの集中を落とす,しがらみ＝線の濃さを決める（愛も恨みも濃くなる）。ポジションランク＝要の役に置くと事故が起きる。情報＝感情で色を付けて伝える。財＝浪費と蓄えを繰り返す
こころ,揺れる,図太さ,心が折れない。折れる状態異常への抵抗そのもの。敗戦・粛清・飢饉のあとに立ち直る。人に嫌われても平気なので、憎まれ役の職（取り立て・徴税・刑吏）に就ける。侮辱で判断を曲げない。,人の痛みが分からない。部下が限界でも気づかず働かせて壊す。場を白けさせて交渉を壊す。村の不穏と部下の恨みという危険の兆候に鈍いので、謀反の予兆を最後まで見落とす。低いと（繊細）人の機微が分かり細かい仕事ができるが、一度の失敗と一度の叱責で長く沈む。,＋度胸→敗戦のあとに残って立て直す。＋忍耐→どんな職場でも続く。＋残酷さ→誰も就きたがらない刑吏の職が回る,＋低い場を読む→交渉を壊し、同盟が組めない。＋残酷さ→自分がしていることの重さに気づかず、恨みが積んでいることに最後まで気づかない。＋繊細（低い）かつ気分の振れ幅が高い→心が折れる状態異常が慢性化し、生涯戻らない,D,高い,気分の振れ幅と対で効く。場を読むの働きを打ち消す,ポジションランク＝憎まれ役に置ける唯一の型。しがらみ＝恨みの線が張られていることに気づかない。情報＝人の顔色から取れるはずの情報を取り落とす
こころ,揺れる,他責,不作でも敗戦でも自分を責めないので折れない。怒りが戦意に変わるので、戦闘と復讐で力が出る。理不尽に対して声を上げるので、悪い統治が表に出る。,すべての不幸を誰かのせいにする。天候不順も疫病も局長のせいになるので、体制怨恨の主要な燃料になる。自分の誤りを直さないので同じ失敗を繰り返す。扇動されやすい。低いと（自責）すべてを自分のせいにする。気分の振れ幅が高く理解の速さが低い者に自責が重なると、集団自殺（誰とも戦わずに生産・繁殖・摂食が止まる）の遺伝的前提が揃う。これはオーナー自身が育てた国民の構成でしか起きない。,＋度胸→怒りが前線での粘りになる。＋弁舌→理不尽を言葉にできるので、改革の起点になることもある,＋執念→原因を取り違えたまま何代も恨む。冤罪の裏返しで、無実の相手を家系ごと恨み続ける。＋信じやすさ→扇動者の指す相手をそのまま敵と信じる。＋気分の振れ幅が高く自責側→上記の集団自殺の前提が揃う,E,中,気分の振れ幅で増幅される。忍耐を実質的に削る,しがらみ＝恨みの向き先を決める（体制怨恨になるか個人怨恨になるか）。ポジションランク＝失敗を部下のせいにする。情報＝原因の帰属を歪めて伝える。財＝損を他人のせいにするので取り立てが荒れる
