大項目,中項目,名前,染色体,腕,対になるステ,高いといい面,高いと悪い面,相互関係でさらにいい面,相互関係でさらに悪い面,レア度,努力値の閾値,伸びしろ,遺伝方式,遺伝率の基準値,性別限定,他のステへの影響,他の枠への影響
からだ,五感,夜目,3番,B,なし,光がほとんど無くても見える。他人が何も見えずに止まっている暗さで動ける。光を持ち込まずに済むので、近づいても気づかれない。暗いあいだも手を止めずに済む。,強い光が痛い。明るいところでは他人より見えなくなる。暗いうちに動くので人と時間が合わず、明るいあいだの付き合いから外れる。暗がりで何を見たかは本人しか知らないので、見たと言えばそれが通り、見ていないと言えばそれも通る。,聴力も高いと、音と影を合わせて見えない相手の位置を取れる。度胸も高いと、一人で暗がりへ入っていける。,必要睡眠が高いと暗いうちに起きていられず、才能が使われないまま終わる。信心が高い相手からは、人でないものと見なされる。,B,非常に高い,ほぼゼロ,中間遺伝,やや高い,なし,視力とは別（明るいところの遠見が良くても暗さが利かない者がいる）。暗い場所での走力・敏捷・手先の器用さの落ち込みを抑える。,ポジション：夜番・夜の斥候・密偵。情報：夜に誰と誰が会っているかを見ている。しがらみ：見てしまったことで恨まれる。財：灯り代が浮く。
からだ,五感,色の見分け,5番,A,なし,色の違いを細かく見分けられる。同じに見えるものの中から、傷んだもの・熟れたもの・混ぜたものを色だけで選り分けられる。遠くのものが何であるかを、形が分かるより先に色で判ずる。,色に頼るので、光の乏しいところと濁ったところでは判断が止まり、他人より遅れる。見分けがつくのが本人だけなので、選り分けの当否を誰も確かめられず、外しても外したと分からないまま通る。,視力も高いと、遠くのものの色まで読める。味覚も高いと、傷んだものを色と味の二重で弾ける。,夜目が低いと、光が落ちた途端に判断そのものが止まる。慎重が低いと、色だけで決めて濁った日に大きく外す。,D,非常に高い,ほぼゼロ,中間遺伝,高い,なし,視力とは独立（見えていても色だけ抜ける者がいる）。低いのは男に偏る（母から息子へ渡る）。,スキル：染め・薬草・茸採り・反物の目利き。財：染物と反物の商い。ポジション：物見（旗の判別）。
からだ,五感,聴力,5番,B,視力,小さい音と遠い音が聞こえる。見えないものの位置・数・近づく速さを、音だけで取れる。中身が詰まっているか割れているかを、叩いた音で知る。,聞きたくない音も等しく入る。大きな音が続くところでは頭が痛み、手が止まる。隠したつもりの話まで入るので、知らないふりを続けるか、揉め事を引き受けるかしか残らない。どこまで聞こえているかは外から分からないので、近くにいる者が安心して話せなくなる。,嗅覚も高いと、見えない相手の接近を二重に取れる。人読みも高いと、声の震えから隠し事に気づく。,気分の振れ幅が高いと、絶えず音に晒されて休まらず、人の多いところに居られなくなる。嘘のうまさが低いと、聞いてしまったことが顔に出て口を塞がれる側に回る。,C,高い,ほぼゼロ,中間遺伝,中,なし,見る前に聞くので反射の発動を早める。三半規管と同じ器官なので連れて動く。,情報：立ち聞きで秘密を最も多く抱える。ポジション：夜番と諜報。しがらみ：知りすぎたことで疎まれる。
からだ,五感,嗅覚,3番,B,毒への強さ,目に見えない変化を匂いで知る。腐りと毒と病んだ肉を、口に入れる前に弾ける。風上で起きたことを、その場所を見ずに知る。獣と人の通った跡を鼻で追える。,悪い匂いから逃げられない。人と死と汚れの集まるところでは匂いに参って吐き、動けなくなる。誰の体の匂いかまで分かるので、特定の相手と同席できず、理由を言えないまま避けているように見える。,味覚も高いと、毒と腐りを二重に弾ける。触覚も高いと、草木の見立てが正確になる。,潔癖も高いと、不潔な相手を露骨に避けて孤立する。残酷さが低いと、血と腐りの匂いだけで心が折れる。,B,高い,小さい,中間遺伝,中,なし,味覚と連れて動く。病への強さとは別に腹を下す確率を下げる。,スキル：狩りの追跡・薬草・醸造・料理・手当て。ポジション：狩人と薬師。財：醸造と塩漬けの失敗が減る。
からだ,五感,味覚,3番,B,飢えへの強さ,塩・酸・苦みの加減を舌で測れる。仕込んだものがどこまで進んだかを味で知る。危ないものを飲み込む前に吐き出せる。水の善し悪しが分かる。,舌が肥えるので粗末なものが喉を通らず、食える物があるのに食わずに弱る。他人が作ったものにけちを付けるので、同じ釜で食う相手と争いになる。,嗅覚も高いと、仕込みと保存の腕が跳ね上がる。長期の記憶も高いと、良い出来を何年後でも再現できる。,貪欲も高いと、口に入れるものに金を掛けて財が残らない。飢えへの強さが低いと、不味い物を拒んで先に倒れる。,D,中,中,中間遺伝,中,なし,毒への強さの手前で効く（飲み込む前に弾く）。飢えへの強さの実際の発揮を下げる。,スキル：醸造・保存食・料理・毒の見分け。ポジション：主人の毒見役（危険だが主人の近くに立てる）。財：酒と保存食は現金になる。
からだ,五感,触覚,3番,B,痛覚の鈍さ,指で触れただけで違いが分かる。目で見えない細かさ・ざらつき・欠け・湿り・熱・脈打ちを手で測れる。見えないところにあるものを探り当てられる。皮の下で何が起きているかを、触って知る。,敏感な手は痛みも強く受け取るので、荒いものを扱うと痛みで手が止まる。手を潰す働きに就くと、才能ごと消える。,手先の器用さも高いと、細かい仕事のどれをやっても抜きん出る。視力も高いと、仕上がりが揃う。,痛覚の鈍さも高いと、指先の情報そのものが鈍って才能が死ぬ。握力が高いと力が抜けず、細かい手触りを潰す。,C,中,中,中間遺伝,中,なし,痛覚の鈍さが高いほど実効が落ちる（同じ神経を使う）。手先の器用さと組んで効く。,スキル：織り・鍛冶・骨接ぎ・産婆・農の見立て。ポジション：産婆と薬師。財：上等の織物は畑の何倍にもなる。
からだ,五感,痛覚の鈍さ,3番,A,触覚,痛みで動きが止まらない。傷を負ったまま続けられる。痛みを与えて言わせようとしても効かない。この世に痛みを止める手立てが無いので、体を切り開かれる処置に耐えて生き残れる。,痛みは体の警告なので、折れたまま歩き、膿んだまま放置し、内側の病に気づかず手遅れになる。冷えて壊れた指を落とす。鈍い者ほど早く死ぬ。どこまで壊れているかが本人にも周りにも見えないので、使う側は限界を知らないまま使い切ってしまう。,度胸も高いと、痛めつけられても口を割らないので、隠し事を預けられる。傷の治りも高いと、放置した傷でも塞がる。,触覚が高くても指先の情報が鈍り、細かい仕事の才能が死ぬ。図太さも高いと、異変を誰も読み取れずある日突然倒れて死ぬ。,A,高い,小さい,中間遺伝,やや高い,なし,触覚にマイナス。傷の治りとは別（傷の深さは同じで、気づくかどうかが違う）。寿命に隠れたマイナス。,ポジション：拷問に耐える密使と前線の兵。情報：口を割らないので秘密の運び手になる。
からだ,体の強さ,病への強さ,2番,A,なし,移る病に罹りにくく、罹っても死なない。子のうちに死なずに大人になれる。病んだ者の近くに居続けられるので、誰も近寄れなくなった場に一人だけ入れる。,自分は倒れずに病を運ぶので、行った先に病を置いてくる（本人には見えず「あの者が来てから死んだ」という話だけが残る）。丈夫だと分かると、病んだ場所へ繰り返し出される。一人だけ生き残った者は、なぜ自分が生きているのかを説明できない。,傷の治りも高いと、傷と病の両方を越えられる。飢えへの強さも高いと、痩せた年の翌年に来る病の年を越せる。,潔癖が低いと、病を撒く速さが上がる。信心が高い相手からは、一人だけ生き残ったこと自体を疑われる。,C,低い,中,中間遺伝,中,なし,寿命に強くプラス。子の生存に効く（乳飲み子の死は病が大半）。,しがらみ：疫病の生き残りは疑われるか頼られるかのどちらかに振れる。財：死んだ家の土地を継ぐ。身分：家系が絶えなければ身分が保たれる。
からだ,体の強さ,傷の治り,2番,A,老いの速さ,裂けた傷が膿まずに塞がる。折れた骨が正しく付いて曲がらない。体を切り開かれても死なない。日々の小さな傷が化膿しないので、手が使えなくなる日が無い。,治りが早いぶん休ませてもらえず、同じ場所を繰り返し痛める。傷跡が残らないので、どれだけ危ないところに居たかを誰も認めず、負った分だけの扱いを受けられない。,病への強さも高いと、傷から入る病でも死なない。疲労の抜けやすさも高いと、続けて無理が利く体になる。,痛覚の鈍さも高いと、治る前に使って骨が曲がって付き、古傷として残る。忍耐が高いと、痛みを言わないので手当てを受けそこなう。,C,中,ほぼゼロ,中間遺伝,中,なし,古傷というデバフの付きやすさを下げる（老いてからの実効値が高く保たれる）。寿命にプラス。,ポジション：前線に何度でも戻れるので古参の兵になれる。財：薬と手当ての費用が減る。
からだ,体の強さ,毒への強さ,3番,A,嗅覚,体に入ると壊れるものを取り込んでも壊れない。刺されても腫れて終わる。他人が食えないものを食えるので、食える物の幅が広い。盛られても倒れない。,効かないと知られると、危ないものを先に口へ入れる側に据えられ続ける。食える物が多いので危ういものを口にする癖が付き、いつか本当に効く量を取り込む。盛って効かないと分かれば、相手はより確実な手を選ぶので、かえって助からない殺され方をする。,味覚も高いと、口に入れる前に弾いて入っても効かない二段構えになる。嗅覚も高いと、仕込まれたこと自体を匂いで知る。,貪欲が高いと、拾い食いで当たる。信心が高い相手からは、効かないこと自体が人でない証とされる。,B,中,中,中間遺伝,中,なし,酒への強さと同じ臓腑を使うので連れて動く。食える物が増えるので、飢えへの強さの実際の幅を広げる。,ポジション：毒見役（主人の近くに立てる＝情報が入る）。情報：毒と薬の知識が付く。スキル：薬と毒の扱い。
からだ,体の強さ,寒さへの強さ,3番,A,暑さへの強さ,冷える場所で手足の先を失わない。冷えても指が動くので、他人の手が止まる時季にも働ける。燃やすものを多く要らない。冷えた者を抱いて温められる。,熱に弱い。苦にしないので冷える時季の役に回され続け、そのあいだずっと家に居ない。冷えを苦にしないので、体が芯まで冷えていることに本人が気づかない。平気そうな顔を見た周りは、引き上げ時を見誤る。,体重も高いと、冷える時季を越す体になる。飢えへの強さも高いと、冷えと食い減らしの両方に耐える（冷える時季の死はこの二つで決まる）。,暑さへの強さが低いと、一年の半分しか働けない。痛覚の鈍さも高いと、冷えて壊れた指に気づかず落とす。,D,低い,中,中間遺伝,やや高い,なし,暑さへの強さと逆に振れやすい。冷える時季の持久力と手先の器用さの落ち込みを抑える。,ポジション：冬の見張りと冬営の兵。財：薪代が浮く。スキル：冬の狩り。
からだ,体の強さ,暑さへの強さ,3番,B,寒さへの強さ,熱の中で動き続けられる。日差しの強い時刻に手を止めずに済むので、短いあいだにやり切らねばならない働きを一人で担える。火の近くに立てる。熱が理由で倒れない。,冷えに弱い。汗をかく体は水を多く要るので、水の乏しいところでは先に参る。平気な者が一人いると、同じ時刻に他の者も働けるものと見なされ、耐えられない側から倒れていく。,持久力も高いと、熱の中で誰よりも長く手を動かせる。息の長さも高いと、煙と熱の中に居続けられる。,寒さへの強さが低いと、冷える時季に使い物にならない。体重が高いと、自分の体の熱で参る。,D,低い,中,中間遺伝,中,なし,寒さへの強さと逆に振れやすい。暑い時季の持久力と最大筋力の落ち込みを抑える。,スキル：鍛冶・炭焼き・刈り入れ。ポジション：夏の遠征。財：刈り入れの取り分。
からだ,体の強さ,飢えへの強さ,3番,A,味覚,食う量が少なくて保つ。食えない日が続いても働ける。他人が動けなくなってから先も立っていられる。同じ蓄えで長く生きられる。,食が細いので、食える年に体を作れず力と体格が伸びない。食えなくても働けると分かると、分ける順を後ろに回される。持ちこたえる者が居ると、足りていないこと自体に周りが気づかず、弱い者から先に倒れる。,体重も高いと、乏しい年が二年続いても越えられる。忍耐も高いと、分けられるのを待てるので周りから信用される。,最大筋力も高いと、要る量が大きくなって強みが相殺される。貪欲が高いと、食えるのに溜め込んで恨みを買う。,C,低い,中,中間遺伝,やや高い,なし,最大筋力と体重の伸びしろを狭める。寿命にプラス。,財：一人当たりの食い扶持が少なく蓄えが増える。しがらみ：飢饉のとき分ける／分けないの選択で恩と恨みが一度に付く。
からだ,体の強さ,酒への強さ,2番,B,なし,酔わせるものを多く飲んでも判断が鈍らない。周りが正気を失っていくあいだ、一人だけ正気でいられる。水の悪い土地で、水の代わりに飲める。体を内から温められる。,酔わないので飲む量が増え、財が飲むものに消える。酔わない者は腹の内を見せないと思われ、打ち解けたと見なされない。臓腑を長く痛め、四十を過ぎて急に腹が膨れて死ぬ。酔った側は何を喋ったか覚えていないのに、酔わない側は覚えているので、周りは自分が何を渡したかを知らないまま渡し続ける。,人読みも高いと、酔った相手から取れるだけ取れる。嘘のうまさも高いと、酔ったふりをして相手だけ潰せる。,貪欲が高いと、飲み代で身代を潰す。色欲が高いと、酔いから不義の線が伸びる。,E,中,大きい,中間遺伝,やや高い,なし,毒への強さと同じ臓腑を使うので連れて動く。長い目では寿命にマイナス。,情報：酒席は情報の出所で酔わない者が一番多く持ち帰る。しがらみ：酒席の付き合いで線が増える。財：飲み代で減る。ポジション：使者と交渉役。
からだ,体の強さ,三半規管,5番,B,なし,揺れ続ける場所に居ても気分が悪くならない。足元が動いているあいだも手が使える。長く揺られても吐かない。急に向きを変えても目が回らない。,揺れに強いと分かると、揺れる場所へ長く出される役に回り、家を空ける日が増える。揺れが体に届かないので、傾きが危ない傾きかどうかに気づくのが遅い。本人が平気なので、同じ場所で参っている者に気づかないまま先へ進める。,平衡感覚も高いと、足元が動いているところでそのまま仕事ができる。息の長さも高いと、水に潜って働ける。,嗅覚も高いと、閉じた場所の匂いのほうで参って利点が消える。度胸が低いと、揺れに強くても揺れる場所へ出たがらない。,D,中,大きい,中間遺伝,中,なし,聴力と同じ器官なので連れて動く。平衡感覚とは別（こちらは酔わなさ・あちらは姿勢の制御）。,スキル：船・漁・騎乗・荷車。財：海と川の交易は畑より儲かる。情報：船で他国の話が入る。ポジション：船手と輜重。
からだ,体の強さ,歯の丈夫さ,2番,A,なし,年を取っても硬いものを噛める（噛めるかどうかが老いてからの食える量を決め、全身の衰えの速さが変わる）。歯を三本目の手として使える。歯の揃った口は、相手に若く健やかに見える。歯の腐りから顎の骨まで壊れて死ぬことがない。,丈夫なのを頼りに歯を道具のように使い続けて欠く。何でも噛むので砂を噛んで擦り減る。揃った口だけを見て健やかだと判断されるので、内側で進んでいる病が最後まで見過ごされる。,容姿も高いと、揃った口が縁組で一段上に効く。飢えへの強さも高いと、硬く粗末なものだけで乏しい時季を越せる。,味覚が高いと、甘いものを好んで歯を失う。痛覚の鈍さも高いと、歯の腐りを放置して顎ごと壊す。,D,高い,ほぼゼロ,中間遺伝,やや高い,なし,老いの速さにマイナス（噛めれば食えるので衰えが遅い）。容姿と声に効く。飢えへの強さの実際の発揮に効く。,スキル：綱と革と糸を扱う職人仕事。しがらみ：縁組の場で口元を見られる。財：歯痛で働けない日が減る。
からだ,体の強さ,腹の丈夫さ,3番,A,なし,傷んだものと濁った水を入れても腹を下さない。慣れない土地の水と食い物に当たらないので、遠くまで行って戻れる。人が大勢集まって寝起きするところで倒れない（そこでは負った傷よりも下し腹のほうが多く殺す）。,何を食っても平気なので、腐ったものを食う癖が付き、同じものを周りにも食わせて周りだけが死ぬ。汚いものを平気で扱うので、近寄られたくない者として扱われる。,毒への強さも高いと、食える物の幅が乏しい年に決定的な差になる。嗅覚も高いと、腐りを弾いた上で当たらない二段構えになる。,潔癖が低いと、自分は平気でも家の者に病を移す。味覚が低いと、腐りに気づかず食い続け、いつか本当に危ないものを食う。,C,低い,大きい,中間遺伝,中,なし,病への強さとは別（あちらは移る病・こちらは食い物と水）。飢えへの強さの幅を広げる。遠出での持久力の発揮を保つ。,スキル：行商・遠征・野営。情報：遠くまで行けるので他国の話を持ち帰る。財：交易は遠くへ行けるほど利が大きい。ポジション：輜重と行商。
からだ,生と老い,繁殖力,2番,B,寿命,子ができやすい（同じ夫婦でも年に一人と三年に一人ほどの差になる）。若いうちに子が並ぶので、家の手が早く増える。跡取りが死んでも次がいる。血が残る。,産む側は続けざまに孕んで体が戻らず、三十を待たずに歯と骨と髪が落ちる。子が多いと一人あたりの取り分が減り、分けた土地は数代で食えない広さになる。嫁がせる費用と迎える費用で財が消える。産める体だと分かると、休ませてもらえない。,お産の軽さも高いと、十人産んで生き延びる（血の半分がこの一人から出る）。病への強さも高いと、産んだ子が育つ。,お産の軽さが低いと、二人目か三人目の産で死ぬ。色欲も高いと、外にも子ができてしがらみが荒れる。貪欲が低いと、子だけ増えて食えず口減らしに出す。,B,高い,ほぼゼロ,中間遺伝,中,なし,産む側は寿命にマイナス・老いの速さにプラス。成熟の早さと連れて動く。,しがらみ：親子と縁組の線が最も多く伸びる。財：分け与える土地が細る。身分：子が多いほど上の家に嫁がせる機会が増える。
からだ,生と老い,成熟の早さ,2番,B,なし,体が早く出来上がる。十二で大人と同じ働きができる（家の手が四年早く増える）。早く子を作れるので、子を残せる年数が長い。若いうちに体が出来ているので、初めての無理で死ににくい。,骨の端が早く閉じるので、背が伸び切らずに止まる。子のうちに大人の扱いを受けるので、覚える時間そのものを失う。骨盤が出来上がる前に産むので、初めての産で死にやすい。早熟は早老を連れて来る。見た目だけ先に大人になるので、中身が子供のまま重い判断を任される。,最大筋力も高いと、十四で一人前として数えられる。容姿も高いと、早く上の家に嫁げる。,老いの速さも高いと、三十で盛りを過ぎる。学習速度が高くても、学ぶ機会そのものを先に失う。,D,なし,中,中間遺伝,中,なし,身長にマイナス（伸びる期間が短い）。老いの速さにプラス。繁殖力の効く年数を前にずらす。,財：働き手が早く増える。スキル：手習いの機会を失うので職人と書字の道が閉じる。身分：早く嫁げるので家格を上げる機会が増える。しがらみ：縁組が早い。
からだ,生と老い,寿命,2番,A,繁殖力,使える期間が長い（力の盛りは誰でも二十六だが、その先どれだけ使い物になるかが違う）。長く生きた者には、就いた年数・知っていること・しがらみの本数・孫の数が積み上がる。老人は体ではなく社会的に強い。,長生きしても素の力は増えない。老いた体で生き続けると、食うだけで働けない口になる（乏しい年に最初に減らされるのは老人の分）。自分の子と孫を先に埋めることになる。上を譲らない長寿の者が居ると、下は五十を過ぎるまで代われず、その血筋の全部が止まる。,老いの速さが低いと、本当に長く使える。長期の記憶も高いと、生き字引として代わりが利かなくなる。,老いの速さが高いと、寝たきりの年数だけが伸びる。野心が高い跡継ぎがいると、長寿そのものが閉じ込められるか殺される理由になる。,A,非常に高い,ほぼゼロ,中間遺伝,やや低い,なし,すべてのステの使える年数を決める。老いの速さと組でのみ意味を持つ。,情報：長く生きた者だけが知っている（誰が誰の子か・昔の境界・昔の約束）。しがらみ：線の本数が年とともに増える。身分：家長が生きているあいだ家の身分が保たれる。ポジション：長老の役。財：相続が起きないので家産が割れない。
からだ,生と老い,老いの速さ,2番,B,傷の治り,若くして老けて見えるので、二十代でも年長として扱われ、言うことが通りやすい。頭数を集める側は見た目の年で選ぶので、その目から外れる。人質と見せしめに取られにくい。体が早く固まるので、若いうちに骨と関節が安定する。,三十で盛りを過ぎ、四十で外の働きに出られない。実効値に掛かる老いの倍率が、他人より速く下がる。容姿が早く落ちるので、縁組と人の近くに立つ道が閉じる。見た目より中身が若いので、年相応の分別を期待されて、持っていない判断を任される。,長期の記憶も高いと、老けた見た目と知っていることが噛み合い、若いうちから長老格に扱われる。信心も高いと老成して見え、年長として遇されるのが更に早まる。,寿命も長いと、働けない年数だけが伸びて家の負担になる。繁殖力が高い女は、続けざまの産で老いが更に加速する。最大筋力が高い者ほど、四十での落差が大きい。,B,高い,小さい,中間遺伝,中,なし,からだ全体に掛かる老いというデバフの傾きそのもの。あたまへの影響は小さい（判断はほとんど落ちない）。,ポジション：早く長老格になれるが早く現役を外れる。財：稼げる年数が短い。しがらみ：縁組で不利。
からだ,生と老い,お産の軽さ,2番,A,双子の生まれやすさ,産んで死なない。産んだ翌日から立てるので、家の手が止まらない。何人でも産めるので血が絶えない。難産で子を失わない。,軽い者は「まだ産める」と見なされて休みなく孕まされ、四十まで産み続けて体が尽きる。人を呼ばずに済むので、異変が起きても誰も見ていない。軽いのを見た周りは産を軽いものだと思い込み、軽くない者にも同じことをさせて死なせる。,繁殖力も高いと、十人以上産んで生き延び、その血が数代で半分を占める。骨太さも高いと、骨盤が広く難産にならない。,成熟の早さが高くて早く嫁ぐと、骨盤が出来上がる前に産むので軽さの才能が出ない。身長が低いと、産道が狭く才能が相殺される。,B,高い,中,中間遺伝,やや高い,女のみ,繁殖力の実際の子の数を決める。寿命に強くプラス（女の死因の筆頭を外す）。男にも座位があり遺伝させるが発現しない（切ると母系だけで固定される）。,しがらみ：親子の線の本数がここで決まる。身分：跡取りを産めるかどうかが家の存続を決める。財：産婆と喪の費用が掛からない。
からだ,生と老い,乳の出,2番,B,なし,乳飲み子が育つ（生まれた子の半分は二歳までに死に、その多くは乳が足りないため）。乳を人に頼らずに済む。他家の子にも与えられるので、血の繋がらない強い縁を作れる。,乳が出ているあいだは次の子ができにくいので、子の増える速さが落ちる。吸われる分だけ母の体から抜けるので、乏しい年に母が先に痩せる。出ると分かると上の家に召し上げられ、自分の子を置いて出ることになる。,繁殖力も高いと、産んだ子がほぼ全部育つ。飢えへの強さも高いと、乏しい年でも乳が止まらない。,飢えへの強さが低いと、乏しい年に乳が止まって子が死ぬ。情が高いと、自分の子を置いて出されたときに心が折れる。,D,中,中,中間遺伝,中,女のみ,子の側の病への強さと合わさって乳飲み子の生死を決める。母の飢えへの強さを実質下げる。男にも座位があり遺伝させるが発現しない（切ると母系だけで固定される）。,しがらみ：乳兄弟の線ができる（血より強く働くことがある）。ポジション：上の家の乳母。財：乳母の給金は数少ない現金収入になる。身分：主家の子を育てた乳母は身分を超えて口を利ける。
からだ,生と老い,双子の生まれやすさ,2番,B,お産の軽さ,一度の産で二人得られる。家の手と頭数が一気に増える。跡取りの予備ができるので、片方が病で死んでも血が絶えない。,双子の産は母子ともに死にやすい。二人とも小さく生まれるので、二歳までに死ぬ確率が高い。乳が足りない。土地を分けると一代で食えない広さになる。双子を不吉とする土地では、片方を捨てるか二人とも忌まれる。跡取りが二人になるので、どちらが継ぐかで血筋が割れる。,お産の軽さも高いと、双子でも母子とも生き延びる。乳の出も高いと、二人とも育つ。,お産の軽さが低いと、双子の産で母が死ぬ。信心が高い土地では双子が忌まれ、生まれたこと自体が家の恥になる。,B,非常に高い,ほぼゼロ,中間遺伝,やや高い,女のみ,繁殖力とは別（あちらは何度孕むか・こちらは一度に何人か）。お産の軽さと乳の出が低いと、利点がすべて損に変わる。男にも座位があり遺伝させるが発現しない（切ると母系だけで固定される）。,しがらみ：双子の兄弟は生涯離れない線になる。財：相続で土地が割れる。身分：跡取りが二人いると家督争いが起きる。
