職業,規模,中核ステ,効くステ,邪魔なステ,入口の閾値,伸びるステ,備考
家長,家,段取り／人読み／誇り／長期の記憶,顔と名前の覚え／場を読む／弁舌／数の感覚／慎重／情／貪欲／忍耐／序列意識／恩義／伝承意欲／想起の速さ,他責／気分の振れ幅／色欲／好奇心,段取り,段取り／人読み／顔と名前の覚え／弁舌／貪欲／図太さ／誇り,継ぐ役なので選ばれない。だから閾値は段取り1つに留めた。誰を何に出すかで次の代の配役が決まるので情と貪欲がそのまま家の血の行方になる
家事,家,段取り／手先の器用さ／勤勉／持久力,味覚／嗅覚／触覚／最大筋力／情／忍耐／潔癖／短期の記憶／暑さへの強さ／色の見分け／成熟の早さ／口の軽さ,誇り／名誉欲／好奇心／気分の振れ幅,なし,手先の器用さ／段取り／味覚／体で覚える力／忍耐／勤勉,村では女と子がまとめて負う。就くかどうかを選べないので閾値を置かない。井戸端が村の情報路なので口の軽さがここでだけ利点に振れる。潔癖が疫病の発生率をそのまま決める
乳母,家,乳の出／病への強さ／情／飢えへの強さ,繁殖力／お産の軽さ／潔癖／忍耐／容姿／従順／恩義／体重,必要睡眠／口の軽さ／嫉妬／野心／気分の振れ幅,乳の出,忍耐／人読み／段取り／恩義／図太さ,女のみ。乳兄弟という縁が生まれる分だけ主家の内側に触れるので口の軽さが致命になる。夜通し起こされるので必要睡眠が高い者は務まらない
農夫,村,持久力／体幹／勤勉／最大筋力,暑さへの強さ／寒さへの強さ／触覚／色の見分け／観察／長期の記憶／段取り／忍耐／柔軟性／リーチ／飢えへの強さ／執念,好奇心／野心／老いの速さ／気分の振れ幅,なし,持久力／体幹／体で覚える力／勤勉／忍耐／観察／段取り,村の全員が兼ねる土台なので閾値を置かない。最大筋力は使うが伸びない（すでに振れる体を持つ者が重い所へ回されるだけ）。ステが足りない：空を読んで蒔き時と刈り時を決めるものが無い。観察と長期の記憶と嗅覚で代用している
牧夫,村,観察／持久力／度胸／体で覚える力,視力／聴力／走力／道と方角の覚え／寒さへの強さ／数の感覚／触覚／手の大きさ／忍耐／夜目／残酷さ／郷土愛,社交／情／気分の振れ幅／好奇心,なし,観察／道と方角の覚え／持久力／体で覚える力／忍耐／図太さ,一日を一人で過ごすので社交が積まれない。屠るのも牧夫なので情が高いと家畜を減らせない。ステが足りない：獣の気を読む項目が無い。人読みは人にしか効かないので手の大きさと触覚で代用している
猟師,村,観察／視力／握力／集中／道と方角の覚え,嗅覚／聴力／息の長さ／持久力／忍耐／夜目／寒さへの強さ／リーチ／敏捷／瞬発力／体で覚える力／残酷さ,必要睡眠／潔癖／社交／気分の振れ幅,視力,観察／道と方角の覚え／集中／忍耐／体で覚える力／慎重／図太さ,視力と夜目と嗅覚は器官なので使うだけで伸びない。握力も弓を引くのに使うが伸びない（村の猟師は引く回数そのものが少ない）。獲物を捌くので潔癖が高い者は続かない
漁師,村,三半規管／握力／平衡感覚／観察,息の長さ／体幹／肩幅／寒さへの強さ／視力／道と方角の覚え／度胸／慎重／長期の記憶／触覚,必要睡眠／体重／潔癖／気分の振れ幅,三半規管,握力／平衡感覚／観察／慎重／道と方角の覚え／体で覚える力,三半規管が低い者は何年舟に乗っても漁師にならない。網と綱を毎日手繰るので握力がここでだけ伸びる（同じ握力を使う猟師では伸びない）。小舟は体重で沈むので重い者が乗れない
木こり,村,最大筋力／体幹／持久力／空間把握,握力／肩幅／慎重／観察／骨太さ／体で覚える力／寒さへの強さ／聴力／道と方角の覚え／疲労の抜けやすさ,痛覚の鈍さ／集中／気分の振れ幅／好奇心,最大筋力,体幹／持久力／空間把握／体で覚える力／慎重／握力,最大筋力は使うが伸びない（斧を振れる体を持つ者が就く）。倒れる向きを外せば死ぬので集中が邪魔に回る珍しい職。痛覚の鈍さは斧が入った足に気づかないので致命
鍛冶,村,最大筋力／手先の器用さ／暑さへの強さ／体で覚える力／握力,視力／色の見分け／触覚／肩幅／集中／忍耐／息の長さ／空間把握／聴力／勤勉／見て盗む力／伝承意欲,潔癖／痛覚の鈍さ／気分の振れ幅／好奇心,手先の器用さ／暑さへの強さ,手先の器用さ／体で覚える力／握力／集中／忍耐／空間把握,村の鍛冶は蹄鉄と鍬の直しで人の命は懸からない（町の武具職人はここに視力と観察と集中の重みが乗る）。ステが足りない：火の温度を見極めるものが無い。色の見分けと視力で代用しているが町の焼物職人まで同じ代用になる
大工,村,空間把握／手先の器用さ／最大筋力／平衡感覚,体幹／触覚／視力／数の感覚／体で覚える力／段取り／握力／慎重／集中／聴力／見て盗む力,体重／創意／気分の振れ幅／好奇心,空間把握,空間把握／手先の器用さ／体で覚える力／段取り／平衡感覚／慎重／数の感覚,鍛冶とは使うものが違う（火と金属ではなく木と寸法と高さ）。村では図に落とさないので頭の中の形を人に渡せず本人が死ぬと普請が止まる。創意は村では前例を壊す者として憎まれるので邪魔に置いた
織り,村,手先の器用さ／触覚／集中／忍耐,視力／色の見分け／柔軟性／体で覚える力／勤勉／長期の記憶／数の感覚／潔癖／段取り,握力／手の大きさ／老いの速さ／気分の振れ幅／好奇心,手先の器用さ／視力,手先の器用さ／触覚／集中／体で覚える力／忍耐／長期の記憶,冬の仕事なので農閑期に積まれる。握力と手の大きさが高いほど糸を潰すので力のある者ほど向かない。四十過ぎに近くが見えなくなると稼ぎが一度に崩れるので老いの速さが直撃する
皮なめし,村,最大筋力／握力／体で覚える力／腹の丈夫さ,病への強さ／持久力／触覚／色の見分け／手先の器用さ／忍耐／図太さ／体幹／観察／歯の丈夫さ,潔癖／嗅覚／社交／気分の振れ幅／誇り,なし,図太さ／体で覚える力／触覚／握力／腹の丈夫さ／忍耐,唯一「嗅覚が高いと務まらない」職。糞尿と石灰と腐肉を扱うので村外れに置かれ社交の線が構造的に細る。誰も就きたがらないので閾値を置かない
粉挽き,村,数の感覚／最大筋力／聴力／図太さ,触覚／貪欲／短期の記憶／顔と名前の覚え／段取り／空間把握／手先の器用さ／観察／嗅覚／嘘のうまさ,正直さ／情／口の軽さ／気分の振れ幅,図太さ／数の感覚,数の感覚／図太さ／顔と名前の覚え／短期の記憶／貪欲／段取り,水車という設備に紐づくので家に固定される。村で唯一「兼業ではない」職。取り分を掠めると見なされて村中から憎まれるので図太さが入口になる。正直な粉挽きは食えない
養蜂,村,観察／痛覚の鈍さ／慎重／体で覚える力,嗅覚／聴力／手先の器用さ／忍耐／毒への強さ／視力／長期の記憶／色の見分け／集中／暑さへの強さ,反射／気分の振れ幅／貪欲／好奇心,毒への強さ,観察／忍耐／体で覚える力／長期の記憶／慎重／段取り,蜜は唯一の甘味で蝋は唯一の明かり。反射が高いと蜂を払って刺されるので速い者ほど向かない稀な職。蜂毒で腫れ上がる体では何年やっても続かないので毒への強さが入口になる。ステが足りない：獣や虫の気配を読む項目が無い
村長,村,段取り／人読み／弁舌／顔と名前の覚え,長期の記憶／場を読む／数の感覚／慎重／情／誇り／忍耐／郷土愛／想起の速さ／寿命／酒への強さ／嘘を見抜く,他責／保身／気分の振れ幅／嫉妬／口の軽さ,弁舌／段取り,段取り／人読み／弁舌／顔と名前の覚え／場を読む／図太さ／野心,A-16の立場加算がここで初めて乗る（オーナーから1段）。ラチェットなので降ろしても野心は下がらず恨みだけが増える。A-19bにより溢れた家族を出すのが村長なので情と人読みがそのまま村の血の行方を決める。境界と昔の取り決めを保つので長寿そのものが役に効く
司祭,村,信心／声／長期の記憶／弁舌,言葉の覚え／想起の速さ／人読み／情／場を読む／伝承意欲／忍耐／集中／理解の速さ／顔と名前の覚え／気分の振れ幅／恩義,色欲／貪欲／口の軽さ／野心／残酷さ,言葉の覚え／信心,長期の記憶／弁舌／人読み／伝承意欲／場を読む／言葉の覚え／信心,村で読み書きに触れる唯一の役。聖職は平民が司教まで届く唯一の梯子なので賢いが身分の低い子の出口になる。気分の振れ幅がここでだけ利点に振れる（深い信仰が飢饉の村を支える）。告解を抱えるので口の軽さが致命
薬師,村,触覚／嗅覚／長期の記憶／観察,色の見分け／手先の器用さ／味覚／手の大きさ／潔癖／情／慎重／図太さ／視力／論理／病への強さ／好奇心,必要睡眠／口の軽さ／気分の振れ幅／信じやすさ,長期の記憶／触覚,長期の記憶／観察／手先の器用さ／触覚／人読み／図太さ／慎重,産婆を兼ねるので誰が誰の子かを村で最初に知る。だから口の軽さが致命。産は夜中に来るので必要睡眠が高い者は呼ばれても行けない。ステが足りない：人の体の中がどうなっているかに当たる項目が無く長期の記憶と観察で代用している（情報の枠かもしれない）
自警団,村,度胸／打たれ強さ／最大筋力／夜目,視力／聴力／傷の治り／忍耐／郷土愛／反射／走力／身長／声／名誉欲／利き手・両利き／機転,必要睡眠／保身／気分の振れ幅／他責,度胸,度胸／図太さ／体で覚える力／観察／忍耐／郷土愛,村の男の輪番なので誰でも就くが生まれつき度胸が低い者は最初の一戦で壊れて二度と立たない。だから唯一の閾値に置いた。夜目と視力は器官なので使うだけで伸びない。必要睡眠が高い者ばかりの村では夜番が回らない
武具職人,町,手先の器用さ／体で覚える力／触覚／集中／最大筋力,握力／肩幅／暑さへの強さ／視力／観察／空間把握／潔癖／誇り／傷の治り／息の長さ／忍耐,好奇心／気分の振れ幅／他責／手の大きさ,手先の器用さ／触覚,手先の器用さ／体で覚える力／触覚／集中／握力／暑さへの強さ／誇り／観察,鍛冶と同じ火と金属を使うが寸法の狂いがそのまま人の死になるので触覚と観察の重みが違う。最大筋力は使うが伸びない（すでに力のある者が就く）。伸びるのは鎚を握り続ける握力のほう
石工,町,空間把握／最大筋力／体幹／手先の器用さ／体で覚える力,骨太さ／肩幅／握力／平衡感覚／持久力／数の感覚／段取り／観察／視力／暑さへの強さ／慎重,潔癖／好奇心／気分の振れ幅／保身,空間把握／体で覚える力,空間把握／体幹／握力／体で覚える力／段取り／最大筋力／持久力／誇り,大工が木目と寸法なら石工は積み方と重心。失敗が崩落なので慎重が要る。石粉を一日吸う職なので肺を痛めるが それを受けるステが無い
細工師,町,手先の器用さ／触覚／集中／視力／色の見分け,体で覚える力／観察／潔癖／忍耐／数の感覚／創意／空間把握／誇り／顔と名前の覚え／利き手・両利き,手の大きさ／握力／口の軽さ／老いの速さ／気分の振れ幅,手先の器用さ／視力／色の見分け,手先の器用さ／触覚／集中／体で覚える力／忍耐／誇り／観察,手先の極。視力と色の見分けは伸びしろがほぼゼロなので生まれつき持たない者は何年やっても届かない。四十過ぎに近くが見えなくなった時点で稼ぎが崩れるので老いの速さが直に効く。金銀を預かる職なので口の軽さが致命になる
焼物,町,色の見分け／体で覚える力／手先の器用さ／集中／暑さへの強さ,触覚／観察／握力／空間把握／忍耐／息の長さ／視力／長期の記憶／勤勉／慎重／見て盗む力,必要睡眠／気分の振れ幅／好奇心／他責,色の見分け／体で覚える力,体で覚える力／手先の器用さ／集中／触覚／暑さへの強さ／長期の記憶／観察／見て盗む力,火の色と釉の色で温度を読むので色の見分けが入口。鍛冶は鉄の色を外しても打ち直せるが窯は一度外すと中身が丸ごと消える。窯は夜通し焚くので必要睡眠が高い者は務まらない。焚き方は教えてもらえないので見て盗む力が要る
仕立て,町,手先の器用さ／触覚／集中／色の見分け／空間把握,視力／観察／人読み／場を読む／顔と名前の覚え／弁舌／忍耐／潔癖／数の感覚／歯の丈夫さ,手の大きさ／握力／口の軽さ／好奇心,手先の器用さ／色の見分け,手先の器用さ／触覚／集中／体で覚える力／顔と名前の覚え／場を読む／人読み／観察,細工師と同じ手先を使うが客の身分と体に合わせるので人読みと場を読むが要る。細工師は物だけ見ていればいい。糸を歯で切るので歯の丈夫さが職人の三本目の手になる
船大工,町,空間把握／体で覚える力／手先の器用さ／最大筋力／段取り,触覚／観察／握力／体幹／平衡感覚／数の感覚／創意／論理／持久力／忍耐／長期の記憶,気分の振れ幅／好奇心／保身／他責,空間把握／体で覚える力,空間把握／体で覚える力／手先の器用さ／段取り／触覚／握力／観察／論理,大工と同じ木と寸法だが狂いがそのまま浸水になるので触覚と論理の重みが違う。浮くかどうかは水に入れる前に決まっている。頭の中だけで組む者は死ぬと普請が止まるので段取りが中核に要る
鉱夫,町,柔軟性／息の長さ／体幹／夜目／持久力,最大筋力／握力／打たれ強さ／痛覚の鈍さ／道と方角の覚え／触覚／聴力／忍耐／図太さ／度胸／成熟の早さ,肩幅／身長／体重／潔癖／気分の振れ幅,夜目／息の長さ,柔軟性／体幹／持久力／握力／痛覚の鈍さ／図太さ／道と方角の覚え／忍耐,鉄が無ければ鍛冶も武具も無い。資源の源。肩幅と身長が高い者は坑道に入れないので大男が務まらない唯一の力仕事になる。落盤の前触れは音で来るので聴力が命を分けるが聴力は鍛えられない。ステが足りない：肺の強さ（粉塵と煙に耐える）。息の長さで代用したが別物
製錬,町,暑さへの強さ／色の見分け／体で覚える力／観察／段取り,息の長さ／嗅覚／最大筋力／持久力／数の感覚／長期の記憶／論理／忍耐／毒への強さ／集中／視力,必要睡眠／潔癖／気分の振れ幅／好奇心,暑さへの強さ／色の見分け,体で覚える力／観察／段取り／暑さへの強さ／数の感覚／長期の記憶／集中／論理,鉱夫が掘り製錬が金属にする。炉の火の色と滓の色で判ずるので色の見分けが入口。炉は落とせないので夜通しの当番があり必要睡眠が高い者は続かない。鉛と水銀を扱うので毒への強さが低い者は数年で壊れる
塩職人,町,体で覚える力／味覚／暑さへの強さ／段取り／持久力,嗅覚／色の見分け／数の感覚／長期の記憶／観察／忍耐／勤勉／最大筋力／握力／集中／慎重,好奇心／気分の振れ幅／他責／情,味覚／体で覚える力,味覚／体で覚える力／段取り／持久力／数の感覚／長期の記憶／暑さへの強さ／忍耐,塩が無いと冬を越せない。この職の産出がそのまま餓死判定に効く戦略物資。舌で濃さを測るので味覚が入口になる。値が高いので情の高い者が分け始めると家が潰れる
商人,町,数の感覚／人読み／弁舌／段取り／嘘を見抜く,顔と名前の覚え／場を読む／短期の記憶／論理／社交／貪欲／機転／道と方角の覚え／酒への強さ／容姿／嘘のうまさ,正直さ／情／口の軽さ／信じやすさ／郷土愛,数の感覚／人読み,数の感覚／人読み／弁舌／嘘を見抜く／顔と名前の覚え／社交／段取り／貪欲,数の感覚は101の中で最も稀（レア度S）。ここに就ける者が町に何人いるかがそのまま町の育ち方を決める。正直さが高いと手の内を全部見せるので儲からない。市で待つ職なので歩く体力より座って人を読む力が要る
行商,町,腹の丈夫さ／道と方角の覚え／持久力／人読み／社交,数の感覚／弁舌／機転／顔と名前の覚え／言葉の覚え／病への強さ／度胸／寒さへの強さ／慎重／飢えへの強さ／好奇心,郷土愛／正直さ／必要睡眠／情,腹の丈夫さ／道と方角の覚え,道と方角の覚え／社交／人読み／持久力／腹の丈夫さ／言葉の覚え／機転／顔と名前の覚え,商人が市で待つのに対し行商は歩く。異郷の水と食い物で腹を下す者は最初の一巡で終わるので腹の丈夫さが入口。村と村を繋ぐのでこの職の数がそのまま縁組の届く範囲になる
両替,町,数の感覚／論理／触覚／集中／観察,短期の記憶／長期の記憶／視力／色の見分け／嘘を見抜く／顔と名前の覚え／慎重／図太さ／人読み／手先の器用さ／想起の速さ,信じやすさ／口の軽さ／情／気分の振れ幅／好奇心,数の感覚／触覚,数の感覚／論理／触覚／観察／集中／嘘を見抜く／長期の記憶,商人と同じ数の感覚を使うが両替は品を見ずに貨幣だけを見る。目方と手触りと色で真贋を判ずるので触覚と色の見分けが要る。利息を扱うこと自体が罪と見なされうるので図太さが要る
物を運ぶ職,町,最大筋力／体幹／肩幅／持久力／道と方角の覚え,握力／骨太さ／平衡感覚／三半規管／段取り／数の感覚／忍耐／腹の丈夫さ／寒さへの強さ／勤勉／疲労の抜けやすさ,誇り／好奇心／気分の振れ幅／必要睡眠,道と方角の覚え,体幹／持久力／握力／道と方角の覚え／腹の丈夫さ／段取り／忍耐／図太さ,腕力と肩幅は使うが伸びない。すでに持っている者が就くから。伸びるのは体幹と持久力と道の覚え。人を運ぶ職とは荷が文句を言わない点だけが違うので人読みが要らない。誇りの高い者は荷を担ぐことを格下の仕事と見て就かない
人を運ぶ職,町,三半規管／道と方角の覚え／人読み／社交／段取り,顔と名前の覚え／弁舌／場を読む／機転／体幹／平衡感覚／持久力／酒への強さ／口の軽さ／慎重／言葉の覚え,郷土愛／必要睡眠／潔癖／気分の振れ幅,三半規管／道と方角の覚え,社交／顔と名前の覚え／人読み／道と方角の覚え／場を読む／機転／三半規管／酒への強さ,宿を兼ねるのでこの職に口の軽さが揃うと町の情報が最も速く回る。物を運ぶ職と使う体は同じだが客が死ねば責を負うので人読みと場を読むが加わる
町長,町,段取り／弁舌／人読み／場を読む／数の感覚,顔と名前の覚え／論理／機転／長期の記憶／想起の速さ／誇り／忍耐／図太さ／慎重／恩義／社交,保身／他責／気分の振れ幅／情／口の軽さ,段取り／弁舌,段取り／弁舌／人読み／場を読む／顔と名前の覚え／図太さ／野心,野心は立場で加算されるので（A-16）就いた時点から上がり続け降ろしても下がらない。町長を置くことは恨みの結節点を一つ作ることでもある。情が高いと切るべき縁者を切れず役の質が落ちる
市場監督,町,数の感覚／嘘を見抜く／観察／触覚／図太さ,視力／色の見分け／味覚／嗅覚／顔と名前の覚え／論理／場を読む／弁舌／誇り／正直さ／短期の記憶,信じやすさ／貪欲／情／気分の振れ幅／社交,数の感覚／嘘を見抜く,嘘を見抜く／観察／数の感覚／顔と名前の覚え／図太さ／触覚／論理,枡と秤の狂いを検める職なので正直さが高いことが利益になる数少ない職。商人とは正直さの符号が逆になる。社交が高いと親しくなった相手を裁けなくなるので邪魔に回る
門番,町,顔と名前の覚え／観察／嘘を見抜く／視力／図太さ,身長／打たれ強さ／最大筋力／声／場を読む／短期の記憶／度胸／忍耐／慎重／言葉の覚え／寒さへの強さ,必要睡眠／情／貪欲／気分の振れ幅／好奇心,顔と名前の覚え／視力,顔と名前の覚え／観察／嘘を見抜く／図太さ／忍耐／場を読む／短期の記憶,視力は使うが伸びない（からだの器官）。伸びるのは顔の覚えと嘘の見抜き。何百人の顔を覚える職なので この職に就いた者が町で誰が誰かを一番知っている。情が高いと顔見知りをそのまま通す
衛兵,町,夜目／聴力／度胸／打たれ強さ／道と方角の覚え,走力／反射／最大筋力／観察／顔と名前の覚え／機転／図太さ／寒さへの強さ／体幹／慎重／声,必要睡眠／情／気分の振れ幅／潔癖／口の軽さ,夜目／度胸,度胸／図太さ／観察／顔と名前の覚え／道と方角の覚え／打たれ強さ／機転,夜目と聴力は使うが伸びない（器官）。必要睡眠が高い者は夜の見回りが保たないのでこの職だけは よく眠る者が構造的に締め出される。門番と違い歩き回るので道と方角の覚えが中核に入る
牢番,町,図太さ／残酷さ／嘘を見抜く／観察／打たれ強さ,聴力／夜目／最大筋力／握力／度胸／忍耐／顔と名前の覚え／人読み／腹の丈夫さ／病への強さ／貪欲,情／潔癖／信じやすさ／気分の振れ幅／口の軽さ,図太さ／残酷さ,図太さ／残酷さ／嘘を見抜く／観察／人読み／病への強さ／痛覚の鈍さ,情が高い者は数年で壊れる。憎まれ役なので図太さが伸びる（罵られ憎まれる役を続けるほど育つ）。衛兵と違い外を歩かないので走力も道の覚えも要らない。牢は不潔なので潔癖が高い者は就かず病への強さの無い者は先に死ぬ
徴税吏,町,数の感覚／図太さ／嘘を見抜く／段取り／観察,顔と名前の覚え／長期の記憶／論理／弁舌／場を読む／度胸／執念／正直さ／短期の記憶／人読み／道と方角の覚え,情／貪欲／気分の振れ幅／信じやすさ／保身,数の感覚／図太さ,数の感覚／図太さ／嘘を見抜く／観察／顔と名前の覚え／長期の記憶／段取り,取り立ては恨みの線を最も多く張る職。図太さが無い者は続かず貪欲がある者は帳簿を汚す。町長と違い恨みが制度ではなく本人に向くので この職に就いた者の家が代々恨まれる
教師,町,弁舌／伝承意欲／理解の速さ／忍耐／論理,想起の速さ／長期の記憶／言葉の覚え／場を読む／顔と名前の覚え／声／段取り／人読み／集中／手先の器用さ／信心,嫉妬／気分の振れ幅／残酷さ／序列意識／誇り,理解の速さ／弁舌,弁舌／伝承意欲／論理／想起の速さ／段取り／顔と名前の覚え／言葉の覚え,理解の速さは伸びしろがほぼゼロなので生まれつき持たない者は何年教えても教え方が上手くならない。伝承意欲が低いとその者が死んだ時点で知識が町から消える。嫉妬が高いと伸びる子を潰すので この職は嫉妬の符号が最もはっきり負に出る
汚物処理,町,腹の丈夫さ／病への強さ／図太さ／最大筋力／段取り,体幹／持久力／毒への強さ／道と方角の覚え／忍耐／勤勉／観察／握力／寒さへの強さ／数の感覚／慎重,嗅覚／潔癖／誇り／名誉欲／序列意識,腹の丈夫さ／病への強さ,病への強さ／腹の丈夫さ／図太さ／体幹／段取り／持久力／忍耐,衛生が疫病を決めるのでこの職が欠けると町ごと死ぬ。それでいて嗅覚と潔癖と誇りの高い者が構造的に就けない。誰も就きたがらない職に誰が就くかが町の生死を決める。名誉欲では動かせない数少ない職
料理人,町,味覚／嗅覚／手先の器用さ／体で覚える力／段取り,色の見分け／触覚／暑さへの強さ／短期の記憶／長期の記憶／数の感覚／潔癖／集中／機転／観察／人読み,貪欲／気分の振れ幅／誇り／口の軽さ,味覚／嗅覚,味覚／体で覚える力／手先の器用さ／段取り／長期の記憶／集中／機転／観察,嗅覚は閾値が高く伸びしろが小さいので生まれつき鼻の利かない者は何年やっても腐りを弾けない。肉屋とは使うステがほとんど重ならない。誇りが高いと客の口に合わせられない
肉屋,町,最大筋力／握力／手先の器用さ／体で覚える力／残酷さ,手の大きさ／触覚／色の見分け／嗅覚／肩幅／体幹／視力／数の感覚／図太さ／顔と名前の覚え／観察,情／潔癖／気分の振れ幅／名誉欲,残酷さ／体で覚える力,残酷さ／握力／手先の器用さ／体で覚える力／図太さ／数の感覚／観察／触覚,料理人と同じ食を扱うが生き物を殺す点で情と潔癖の符号が逆になる。手の大きさは細工では天井を作るが ここでは骨と関節を掴めるので利点に変わる。生まれつき慈悲深い者は何年やっても屠れるようにならないので残酷さが入口になる
醸造,町,味覚／嗅覚／体で覚える力／暑さへの強さ／段取り,触覚／色の見分け／長期の記憶／数の感覚／観察／最大筋力／握力／忍耐／集中／潔癖／酒への強さ,必要睡眠／気分の振れ幅／貪欲／好奇心,味覚／嗅覚,味覚／体で覚える力／段取り／長期の記憶／暑さへの強さ／観察／数の感覚／忍耐,料理人と入口が同じ（味覚と嗅覚）だが料理は一皿ごとにやり直せ醸造は樽ひとつを何月も待って外す。長期の記憶と忍耐の重みが違う。種は夜に起き窯は夜明け前に焚くので必要睡眠が高い者は務まらない。貪欲が高いと自分で飲む
給仕,町,顔と名前の覚え／短期の記憶／社交／場を読む／容姿,平衡感覚／体幹／持久力／人読み／機転／弁舌／声／酒への強さ／潔癖／従順／敏捷,誇り／気分の振れ幅／色欲／他責／序列意識,顔と名前の覚え／短期の記憶,顔と名前の覚え／短期の記憶／社交／場を読む／人読み／機転／酒への強さ,作る側と使うステがほとんど重ならない。容姿と社交で選ばれるので主人と客の近くに立ち町の秘密が最も早く集まる。ただし容姿が落ちる年齢でそれだけで立場を失う。誇りが高いと注文を運べない
書記,都市,手先の器用さ／集中／短期の記憶／論理／数の感覚,視力／長期の記憶／想起の速さ／言葉の覚え／観察／段取り／正直さ／勤勉／忍耐／潔癖,口の軽さ／貪欲／気分の振れ幅／社交／成熟の早さ,手先の器用さ／視力／集中,手先の器用さ／集中／論理／数の感覚／段取り／長期の記憶,書記は「写す」でも「書く」でもなく「口述を受けてその場で正確に留める」職。だから短期の記憶が中核に入るのは101ステの中でこの職だけ。視力は伸びしろほぼゼロで四十過ぎに確実に落ちるので稼ぎが年齢で崩れる。成熟の早さが高い子は十二で大人の仕事に出されて手習いの窓が閉じるので、この職に届かなくなる。
写本,都市,手先の器用さ／集中／視力／忍耐,触覚／色の見分け／長期の記憶／言葉の覚え／潔癖／勤勉／信心／柔軟性／体幹／従順,創意／社交／好奇心／気分の振れ幅／握力,手先の器用さ／視力／集中,手先の器用さ／触覚／集中／言葉の覚え／忍耐／体で覚える力,創意が邪魔になる唯一の知の職。写し違いを「直して」しまう者は原本を壊す。社交が低いほど積まれる（一人で続ける仕事）と定義文にある通り。著述家と正反対の構造。
学者,都市,論理／理解の速さ／長期の記憶／弁舌,想起の速さ／言葉の覚え／集中／好奇心／観察／数の感覚／誇り／名誉欲／野心／視力／寿命,従順／信心／必要睡眠／貪欲,理解の速さ／論理／視力,論理／長期の記憶／弁舌／言葉の覚え／集中／数の感覚／野心,理解の速さは伸びしろほぼゼロ・努力値閾値が非常に高い。101ステで入口が最も厳しい職。A-16により知性が上位20%を超えた分が野心に自動加算されるので、大学に賢い者を集めると野心の高い集団が都市に溜まる。
法律家,都市,論理／長期の記憶／弁舌／想起の速さ,嘘を見抜く／人読み／場を読む／言葉の覚え／数の感覚／短期の記憶／観察／機転／野心／声／忍耐,正直さ／信じやすさ／情／口の軽さ／気分の振れ幅,論理／長期の記憶,論理／弁舌／嘘を見抜く／人読み／場を読む／想起の速さ／長期の記憶／野心,商人と同じく正直さが邪魔になるが中身が違う。商人は値を偽り、法律家は事実の中からどれを出すかを選ぶ。成文の法が無い段階ではこの職は現れない。
学寮長,都市,段取り／人読み／数の感覚／弁舌,顔と名前の覚え／場を読む／嘘を見抜く／序列意識／野心／誇り／論理／長期の記憶／伝承意欲／社交／信心,情／嫉妬／貪欲／保身／気分の振れ幅,段取り／数の感覚,段取り／人読み／顔と名前の覚え／弁舌／場を読む／野心／図太さ,誰を入れるかを決めるので、世襲か能力主義かの分岐がこの職の性格に出る。情と序列意識が高い学寮長を置くと入学が身分で決まり、嫉妬が高いと有能な平民の学生が潰される。
医者,都市,観察／長期の記憶／論理／嗅覚,触覚／色の見分け／視力／人読み／弁舌／潔癖／病への強さ／言葉の覚え／情／段取り／味覚,気分の振れ幅／信心／正直さ／保身,観察／長期の記憶／嗅覚,観察／長期の記憶／論理／人読み／弁舌／病への強さ／潔癖,医者は切らない。中核は嗅覚と観察で手先の器用さはほとんど要らない——ここが外科医との分かれ目。嗅覚は伸びしろ小さく努力値閾値が高いので入口に置いた。余命を正直に告げる医者は恨まれて職を失うので正直さが邪魔になる。
外科医,都市,手先の器用さ／触覚／度胸／集中,視力／最大筋力／空間把握／体で覚える力／観察／機転／潔癖／図太さ／忍耐／段取り,情／気分の振れ幅／握力／手の大きさ／必要睡眠,手先の器用さ／触覚／度胸,手先の器用さ／触覚／体で覚える力／集中／図太さ／度胸／機転,同じ「医」でも医者と一つも中核が重ならない。身分が職人なのでギルドの徒弟（10歳〜）に乗り、医者は大学（14歳〜）。入口の年齢そのものが違う。握力が高いと力が抜けず組織を潰すので邪魔側に置いた。
技師,都市,空間把握／数の感覚／段取り／論理,創意／観察／視力／長期の記憶／弁舌／道と方角の覚え／体で覚える力／野心／誇り／機転／平衡感覚／慎重,従順／保身／気分の振れ幅／口の軽さ／好奇心,空間把握／数の感覚,空間把握／段取り／数の感覚／論理／観察／慎重／野心／誇り,空間把握は「頭の中で出来上がっているので図にも言葉にも落とさない」ので、伝承意欲が低い技師が死ぬと工法ごと消えて普請が止まる。従順が高い技師は無理な工期を呑んで橋を落とす。攻城に使うので口の軽さは致命傷。
吟遊詩人,都市,声／長期の記憶／弁舌／社交,言葉の覚え／顔と名前の覚え／道と方角の覚え／場を読む／機転／容姿／息の長さ／気分の振れ幅／口の軽さ／腹の丈夫さ／持久力／好奇心,郷土愛／正直さ／必要睡眠／潔癖／保身,声／長期の記憶,弁舌／長期の記憶／社交／顔と名前の覚え／道と方角の覚え／場を読む／機転／言葉の覚え,この職だけが「情報」の枠を村から村へ実際に動かす。口の軽さが高いほど速く広く回り同時に歪む。声は喉の作りなので訓練で変わらず伸びるのは使い方だけ——才能で入口が決まる数少ない職。郷土愛が高い者は村を出ないので情報が動かない。
芸人,都市,平衡感覚／敏捷／場を読む／見て盗む力,柔軟性／瞬発力／体で覚える力／声／容姿／機転／社交／気分の振れ幅／図太さ／人読み／道と方角の覚え／腹の丈夫さ,誇り／序列意識／体重／郷土愛／保身,平衡感覚／敏捷,平衡感覚／柔軟性／体で覚える力／見て盗む力／場を読む／図太さ／社交／機転,道化は誇りを捨てられる者しか務まらない。誇りが高い者を就けても伸びない。剣闘士とは逆（あちらは誇りと名誉欲が要る）。同じ見世物でも参照するこころが反転している。
音楽家,都市,聴力／手先の器用さ／体で覚える力／集中,声／息の長さ／短期の記憶／長期の記憶／気分の振れ幅／場を読む／序列意識／従順／柔軟性／歯の丈夫さ／信心／社交,必要睡眠／誇り／他責／握力,聴力／手先の器用さ,手先の器用さ／体で覚える力／集中／長期の記憶／場を読む／社交,ステが足りない：音の高さの聞き分け（音感）。聴力は「どれだけ小さい音が聞こえるか」の定義であって「高さを取れるか」ではない。今は聴力で代用しているが、それだと夜番や諜報と区別が付かない。聴力自体は伸びしろほぼゼロで完全に才能。歯が落ちると音が抜けるので、笛と歌は歯の丈夫さで職業寿命が決まる。
俳優,都市,声／短期の記憶／嘘のうまさ／体で覚える力,容姿／弁舌／場を読む／気分の振れ幅／長期の記憶／息の長さ／人読み／図太さ／身長／見て盗む力／信心／社交,誇り／正直さ／序列意識／保身,声／短期の記憶,嘘のうまさ／短期の記憶／体で覚える力／弁舌／場を読む／図太さ／見て盗む力,中核が「嘘のうまさ」なのはこの職だけ。吟遊詩人は自分として語り、俳優は他人になる。同じ声を使うが参照するあたまが違う。文字が読めない者に教義と歴史を渡す唯一の経路なので、信心が効くのに誇りは邪魔という捻れがある。
演出家,都市,段取り／人読み／創意／場を読む,空間把握／弁舌／顔と名前の覚え／観察／論理／数の感覚／野心／信心／序列意識／気分の振れ幅／機転／社交,従順／情／保身／口の軽さ,段取り／人読み,段取り／人読み／場を読む／弁舌／顔と名前の覚え／観察／野心,創意はレアSS・伸びしろ小さい・努力値閾値が非常に高い。就けても創意は積まれないので、新しい劇が生まれるかは才能の当たり待ちになる。著述家と全く同じ構造。情が高いと使えない役者を降ろせず一座が保たない。
賭博,都市,数の感覚／人読み／嘘のうまさ／嘘を見抜く,手先の器用さ／観察／短期の記憶／場を読む／機転／図太さ／貪欲／度胸／酒への強さ／社交／顔と名前の覚え／慎重,正直さ／情／気分の振れ幅／信心／恩義,数の感覚／人読み,人読み／嘘のうまさ／嘘を見抜く／数の感覚／場を読む／図太さ／貪欲／顔と名前の覚え,しがらみを作る装置。負けた者に貸しの線が張られ、その線が後で役職と謀反に効く。貪欲が高い者ほど向くが、同じ貪欲で自分が沈む——一つのステが同じ職で正負両方に効く数少ない例。
剣闘士,都市,反射／瞬発力／度胸／体で覚える力,最大筋力／打たれ強さ／敏捷／リーチ／傷の治り／痛覚の鈍さ／容姿／場を読む／名誉欲／利き手・両利き／疲労の抜けやすさ／視力,情／慎重／保身／老いの速さ／気分の振れ幅,反射／度胸,体で覚える力／度胸／打たれ強さ／最大筋力／図太さ／名誉欲／残酷さ／誇り,反射は老いで最も早く落ちるので三十で終わる職。戦場に出ずに名誉欲と武名を上げられる唯一の道なので、貴族の次男以下と平民の野心の受け皿になる。慎重が高いと決めに行かず客が離れるので、慎重が邪魔になる稀な職。左利きは相手の盾の外から打てるので見世物として値が付く——利き手が財に直結する唯一の職。
錬金術師,都市,好奇心／論理／観察／集中,創意／色の見分け／嗅覚／手先の器用さ／数の感覚／長期の記憶／毒への強さ／暑さへの強さ／忍耐／執念／言葉の覚え／慎重,信心／口の軽さ／従順／潔癖／貪欲,好奇心／論理,観察／論理／集中／長期の記憶／毒への強さ／執念／忍耐,好奇心は26歳を過ぎるとほとんど動かないので入口に置いた。水銀と鉛を扱うので毒への強さが低い者は数年で死ぬ——職そのものが寿命を削る例。度を越した発想は魔術・異端と見なされるので信心の高い都市では就くこと自体が危険になる。
占星術師,都市,数の感覚／長期の記憶／観察／論理,夜目／視力／集中／言葉の覚え／弁舌／段取り／人読み／信心／野心／寒さへの強さ／慎重,必要睡眠／気分の振れ幅／口の軽さ／正直さ／社交,数の感覚／夜目／長期の記憶,数の感覚／長期の記憶／観察／論理／段取り／弁舌／人読み,暦を作るので蒔き時と刈り時に直結する実務職。夜目（伸びしろほぼゼロ・努力値閾値が非常に高い）と必要睡眠でほぼ決まるので、昼の学者と入口が正反対になる。暦は正確に作り、王の生まれの読みは正直に告げない——実務と口寄せで要るこころが逆になる職。
著述家,都市,創意／論理／長期の記憶／弁舌,手先の器用さ／集中／言葉の覚え／観察／好奇心／名誉欲／執念／忍耐／想起の速さ／伝承意欲／気分の振れ幅／誇り,従順／場を読む／保身／信心,創意／論理,論理／弁舌／長期の記憶／言葉の覚え／集中／執念／伝承意欲,創意はレアSS・伸びしろ小さい・努力値閾値が非常に高いので、就けても創意は積まれない。新しい本が生まれるかは完全に才能の当たり待ち。写本は創意が邪魔で著述は創意が中核——101ステの中で最も鋭い対比。場を読む者は言うべきことを書かないので邪魔側に置いた。
巡礼案内,都市,道と方角の覚え／社交／弁舌／顔と名前の覚え,長期の記憶／持久力／腹の丈夫さ／言葉の覚え／信心／人読み／場を読む／機転／段取り／貪欲／慎重／病への強さ,郷土愛／正直さ／必要睡眠／潔癖／気分の振れ幅,道と方角の覚え／社交,道と方角の覚え／社交／弁舌／顔と名前の覚え／長期の記憶／言葉の覚え／段取り／腹の丈夫さ,吟遊詩人と同じく情報を扱うが向きが逆。吟遊詩人は情報を持って出て行き、巡礼案内は外から来た者から受け取る。都市に外の話が入る経路。偽の聖遺物を本物として案内するので正直さが邪魔になる。
風呂屋,都市,社交／人読み／段取り／暑さへの強さ,手先の器用さ／触覚／顔と名前の覚え／場を読む／握力／口の軽さ／潔癖／病への強さ／数の感覚／弁舌／持久力／観察,色欲／信心／気分の振れ幅／誇り／嫉妬,社交／暑さへの強さ,社交／人読み／顔と名前の覚え／段取り／場を読む／手先の器用さ／口の軽さ,しがらみと情報が最も濃く交わる場。裸で会うので身分が一時的に消え、身分をまたいだ線が張られる数少ない場所。剃刀と瀉血と按摩を兼ねるので手先と触覚が効く。色欲が高いと湯屋が娼館に転び身を持ち崩す。
死体処理,都市,最大筋力／図太さ／病への強さ／体幹,持久力／腹の丈夫さ／痛覚の鈍さ／飢えへの強さ／握力／肩幅／貪欲／忍耐／傷の治り／夜目／道と方角の覚え／残酷さ,潔癖／嗅覚／情／信心／気分の振れ幅,病への強さ／図太さ,図太さ／病への強さ／最大筋力／持久力／腹の丈夫さ／体幹／忍耐,町の汚物処理が疫病の発生を決めるのに対し、こちらは疫病の年の死者を捌く。潔癖が低い者しか就かないので、病への強さが高い就業者は自分は倒れずに病を撒く側になる。死刑執行人と同じく忌まれるが世襲ではない——ここが決定的に違う。
船乗り,都市,三半規管／平衡感覚／握力／体で覚える力,道と方角の覚え／夜目／視力／息の長さ／最大筋力／肩幅／腹の丈夫さ／度胸／機転／従順／寒さへの強さ／言葉の覚え,郷土愛／必要睡眠／潔癖／骨太さ／情,三半規管／平衡感覚,平衡感覚／握力／体で覚える力／道と方角の覚え／腹の丈夫さ／機転／度胸／三半規管,船大工（町）は空間把握と木、船乗りは三半規管と綱。同じ「船」で中核が一つも重ならない。三半規管は伸びしろが大きいので若いうちに乗せれば作れる。骨太さは水に落ちれば沈むので邪魔側。
獣使い,都市,体で覚える力／観察／忍耐／握力,平衡感覚／反射／触覚／聴力／嗅覚／度胸／情／長期の記憶／段取り／体幹／声／慎重,気分の振れ幅／残酷さ／他責／貪欲,体で覚える力／忍耐,体で覚える力／観察／忍耐／触覚／平衡感覚／段取り／慎重,ステが足りない：獣に対する感受性（人読みの獣版）。101ステの人読みは人にしか効かない定義なので、馬・鷹・犬を扱う職が既存のステでは書き切れない。今は観察と体で覚える力で代用しているが、それだと斥候と区別が付かない。馬は中世の最重要資産なのでここは埋めたほうがいい。
使用人,都市,従順／場を読む／段取り／顔と名前の覚え,容姿／短期の記憶／勤勉／潔癖／忍耐／人読み／序列意識／声／手先の器用さ／持久力／恩義,誇り／野心／口の軽さ／必要睡眠／他責,従順／場を読む,場を読む／段取り／顔と名前の覚え／人読み／忍耐／潔癖／恩義,主人の近くにいるので情報が最も早く入る職。容姿が高い者が近くに置かれ、そこから色欲としがらみが伸びる。野心と誇りが高い者を使用人に置くと恨みの線が主家の内側に張られる——粛清の起点になる。
歩兵,軍,度胸／持久力／打たれ強さ／従順,最大筋力／体幹／肩幅／骨太さ／リーチ／身長／瞬発力／腹の丈夫さ／暑さへの強さ／体で覚える力／忍耐／成熟の早さ,理解の速さ／誇り／他責／気分の振れ幅／利き手・両利き,度胸／打たれ強さ,持久力／打たれ強さ／体で覚える力／度胸／忍耐／残酷さ／図太さ,数が要るので入口が最も低い職。理解の速さが高いと命令の穴に気づいて従わず 誇りが高いと格下の隊長の下で働かない。左に寄る者は剣を並べる訓練で隊列を乱すので外される。成熟の早さが高い者は初陣で死ににくいが早老を連れて来る。
射手,軍,握力／視力／リーチ／集中,息の長さ／肩幅／最大筋力／手先の器用さ／体で覚える力／色の見分け／観察／慎重／忍耐／反射,度胸／気分の振れ幅／痛覚の鈍さ／手の大きさ,視力／リーチ,握力／体で覚える力／集中／手先の器用さ／慎重／観察,視力とリーチは器官なので伸びない。歩兵と逆で度胸が邪魔になる（退き際を誤ると騎兵に踏まれる）。矢と矢羽根を自分で作るので手先の器用さと集中が伸びる。手が大きすぎると細い矢筈と弦を扱えない。
騎兵,軍,平衡感覚／体幹／度胸／反射,三半規管／骨太さ／最大筋力／リーチ／握力／体で覚える力／打たれ強さ／傷の治り／道と方角の覚え／名誉欲／誇り,体重／慎重／気分の振れ幅／保身,反射／平衡感覚,平衡感覚／体幹／体で覚える力／度胸／名誉欲／残酷さ／道と方角の覚え,ステが足りない：獣を御する力（馬・鷹・犬）。馬は中世の最重要資産なのに101ステに馬を扱う才が1つも無く 平衡感覚と三半規管で近似しているだけ。体重が重い者は馬が保たず替え馬の費用で家が傾く。
斥候,軍,観察／道と方角の覚え／夜目／慎重,視力／聴力／嗅覚／色の見分け／走力／敏捷／持久力／腹の丈夫さ／空間把握／機転／見て盗む力／寒さへの強さ,声／必要睡眠／体重／口の軽さ／社交,夜目／視力,観察／道と方角の覚え／機転／慎重／持久力／腹の丈夫さ／見て盗む力／図太さ,夜目は伸びしろほぼゼロの器官で 持たない者を出しても死ぬだけ。声が通る者は潜められないので夜の斥候に使えない。敵の陣の組み方を見て持ち帰るので見て盗む力が伸びる。
工兵,軍,空間把握／段取り／最大筋力／体幹,握力／柔軟性／息の長さ／手先の器用さ／持久力／論理／数の感覚／暑さへの強さ／忍耐／体で覚える力／創意／慎重,身長／肩幅／潔癖／気分の振れ幅,空間把握／論理,空間把握／段取り／握力／体幹／持久力／論理／体で覚える力,攻城の本体は坑道を掘る仕事なので 大柄で肩の広い者は入れない。歩兵と体型の最適が正反対になる。煙と埃の中で咳き込まないので息の長さが効く。
騎士,軍,誇り／度胸／体で覚える力／平衡感覚,最大筋力／骨太さ／リーチ／反射／傷の治り／容姿／声／弁舌／名誉欲／序列意識／恩義／利き手・両利き,保身／貪欲／慎重／他責／老いの速さ,反射／体で覚える力,誇り／名誉欲／度胸／体で覚える力／野心／残酷さ／平衡感覚,入口の本体は身分と7歳からの他家での養育で ステでは塞げない。平民でも武功で入れる穴があるのはこの梯子だけ。左からの一撃は相手の盾の外から来るので利き手が効く。
隊長,軍,声／段取り／度胸／弁舌,場を読む／顔と名前の覚え／機転／人読み／短期の記憶／観察／息の長さ／忍耐／慎重／数の感覚／誇り／図太さ,情／気分の振れ幅／保身／必要睡眠,声／短期の記憶,段取り／弁舌／場を読む／度胸／顔と名前の覚え／機転／野心／図太さ,声は喉の作りで訓練では変わらない。号令の届かない者は何年やっても隊長にならない。情が高いと殿を出せず 保身が高いと部下を切って自分が残る。
伝令,軍,走力／短期の記憶／道と方角の覚え／持久力,声／息の長さ／疲労の抜けやすさ／腹の丈夫さ／夜目／三半規管／平衡感覚／機転／想起の速さ／痛覚の鈍さ／度胸／慎重,必要睡眠／体重／口の軽さ／社交／信じやすさ,短期の記憶／走力,持久力／道と方角の覚え／腹の丈夫さ／機転／観察／図太さ,走力と短期の記憶は伸びしろが小さいので 持っている者を使い潰す職になる。口の軽さが最大の失格条件で 社交が高いと村ごとに足が止まる。痛覚の鈍さは捕まったときに口を割らないために効く。
兵站,軍,段取り／数の感覚／長期の記憶／慎重,論理／腹の丈夫さ／道と方角の覚え／三半規管／持久力／観察／短期の記憶／忍耐／勤勉／正直さ／顔と名前の覚え／体幹,貪欲／情／口の軽さ／気分の振れ幅,数の感覚／長期の記憶,段取り／数の感覚／論理／腹の丈夫さ／道と方角の覚え／観察／貪欲,貪欲は邪魔なのに 飢えを間近で見る役なので貪欲が育つ。年を経た兵站ほど横領する。糧秣の残りが漏れれば籠城が終わるので口の軽さが致命傷になる。
傭兵,軍,度胸／体で覚える力／貪欲／機転,打たれ強さ／傷の治り／腹の丈夫さ／持久力／最大筋力／残酷さ／図太さ／道と方角の覚え／人読み／嘘のうまさ／見て盗む力／酒への強さ,郷土愛／恩義／情／信心,度胸／体で覚える力,体で覚える力／機転／残酷さ／図太さ／貪欲／道と方角の覚え／見て盗む力／酒への強さ,郷土愛と恩義が高い者は傭兵にならない（土地を離れられず主も替えられない）。よその戦い方を見て持ち帰るので 技が国境を越える数少ない経路になる。
宰相,国家運営,段取り／弁舌／場を読む／人読み,論理／数の感覚／理解の速さ／顔と名前の覚え／長期の記憶／想起の速さ／嘘のうまさ／嘘を見抜く／忍耐／誇り／野心／図太さ,正直さ／情／口の軽さ／気分の振れ幅,理解の速さ／弁舌,段取り／弁舌／場を読む／人読み／嘘のうまさ／顔と名前の覚え／野心／図太さ,治める対象ができて初めて現れる。就いた時点で立場の野心加算が最大に乗り ラチェットなので降ろせば恨みだけが残る（A-16）。正直さが高いと交渉で手の内を全部見せる。
家令,国家運営,段取り／顔と名前の覚え／数の感覚／勤勉,長期の記憶／短期の記憶／場を読む／観察／人読み／潔癖／正直さ／忍耐／序列意識／味覚／毒への強さ／体幹,野心／貪欲／口の軽さ／誇り,数の感覚／顔と名前の覚え,段取り／顔と名前の覚え／場を読む／観察／人読み／数の感覚,城が建って初めて現れる。主人の食卓と毒見を差配するので味覚と毒への強さが要る。家の内側を全部知る役なので 口の軽さと野心が最も危ない。頭を下げる役なので誇りが邪魔になる。
財務長官,国家運営,数の感覚／論理／長期の記憶／正直さ,段取り／集中／観察／嘘を見抜く／慎重／忍耐／誇り／潔癖／手先の器用さ／視力／短期の記憶／勤勉,貪欲／情／信じやすさ／気分の振れ幅,数の感覚／論理／長期の記憶,数の感覚／論理／観察／嘘を見抜く／段取り／集中／貪欲,数の感覚はレアSで入口が極端に狭いが 入れた者は帳場に置けば一生伸び続ける稀な型。誇りと正直さが揃った者だけが買収も脅迫も効かない。情が高いと切り捨てる配分を出せない。邪魔な貪欲が この職に就くほど育つ（欠乏を数字で毎日見るため）。
軍務長官,国家運営,人読み／段取り／数の感覚／場を読む,顔と名前の覚え／長期の記憶／論理／慎重／度胸／観察／弁舌／序列意識／嘘を見抜く／道と方角の覚え／空間把握／図太さ,情／保身／名誉欲／気分の振れ幅,数の感覚／理解の速さ,人読み／段取り／場を読む／顔と名前の覚え／野心／残酷さ／図太さ,誰を戦に出すかを決める役。オーナーが当たり（賢くて野心の無い者）を守りたくても 出撃を決めるのはこの職なので止められない（A-16）。名誉欲が高いと自分が出たがる。
裁判官,国家運営,論理／想起の速さ／嘘を見抜く／長期の記憶,弁舌／観察／人読み／場を読む／正直さ／誇り／慎重／短期の記憶／聴力／忍耐／信心／図太さ,情／信じやすさ／貪欲／気分の振れ幅／他責,長期の記憶／想起の速さ／論理,論理／嘘を見抜く／人読み／弁舌／観察／場を読む／図太さ,成文の法があって初めて現れる。裁きは証拠と誓いで動くので 嘘を見抜けても証拠が無ければ何もできない。情が高いと縁者に甘くなり 信じやすいと誓いをそのまま採る。
監察,国家運営,観察／嘘を見抜く／嘘のうまさ／夜目,聴力／視力／人読み／場を読む／敏捷／道と方角の覚え／顔と名前の覚え／痛覚の鈍さ／慎重／執念／嫉妬／毒への強さ,口の軽さ／信じやすさ／正直さ／社交／必要睡眠,夜目／聴力,観察／嘘を見抜く／嘘のうまさ／人読み／場を読む／道と方角の覚え／図太さ,正直さが邪魔になる数少ない国家の役。オーナーが正しい事実を得る経路（正直な報告）と諜報が 同じ人間の中で両立しない。嫉妬が高い者は不当な優遇を正確に見つけるので使える。
記録官,国家運営,手先の器用さ／長期の記憶／集中／正直さ,視力／論理／観察／忍耐／伝承意欲／数の感覚／想起の速さ／勤勉／触覚／言葉の覚え／執念／短期の記憶,保身／嘘のうまさ／野心／気分の振れ幅,長期の記憶／手先の器用さ／視力,手先の器用さ／長期の記憶／集中／観察／論理／伝承意欲,ステが足りない：文字の覚え（読み書きそのもの）。言葉の覚えは話し言葉のステで 字が読めるかを書けない。この職の正直さが 後世のオーナーが真の原因に辿り着けるかを決める。保身が高いと年代記に偽の帰属が刻まれる。
外交使者,国家運営,弁舌／場を読む／人読み／言葉の覚え,容姿／声／酒への強さ／嘘のうまさ／嘘を見抜く／短期の記憶／想起の速さ／機転／忍耐／腹の丈夫さ／道と方角の覚え／好奇心,正直さ／誇り／信じやすさ／郷土愛／気分の振れ幅,言葉の覚え／弁舌／容姿,弁舌／場を読む／人読み／嘘のうまさ／嘘を見抜く／社交／腹の丈夫さ／酒への強さ,言葉の覚えは年齢減衰が強く 大人になってから覚えた言葉はほとんど積まれない。子のうちに外へ出した者しか使者にならない。酒席で相手が口を割るのを聞くので酒への強さが伸びる。誇りが高いと頭を下げられず交渉を壊す。
駅逓,国家運営,段取り／道と方角の覚え／数の感覚／顔と名前の覚え,三半規管／平衡感覚／持久力／腹の丈夫さ／短期の記憶／観察／空間把握／正直さ／慎重／勤勉／体幹／握力,口の軽さ／貪欲／好奇心／気分の振れ幅,数の感覚／顔と名前の覚え,段取り／道と方角の覚え／顔と名前の覚え／観察／数の感覚／三半規管／社交,伝令が走る個人なら 駅逓は線を敷いて保つ職で 使うステが指揮と兵站に寄る。好奇心が高いと預かった封を開け寄り道する。ここでも獣を御する力が無いので早馬をステで書けない。
司教,宗教,弁舌／場を読む／信心／野心,声／容姿／長期の記憶／想起の速さ／人読み／段取り／数の感覚／序列意識／誇り／顔と名前の覚え／論理／寿命,色欲／正直さ／他責／気分の振れ幅,弁舌／長期の記憶／声,弁舌／場を読む／人読み／野心／段取り／顔と名前の覚え／社交／信心,聖職は平民が最上位まで届く唯一の梯子。ここに入口の高いステを積みすぎると その唯一の出口が塞がる。教会領の経営があるので数の感覚が要る。長寿がそのまま権力になる数少ない役。
修道士,宗教,集中／忍耐／信心／勤勉,手先の器用さ／長期の記憶／論理／視力／触覚／潔癖／従順／伝承意欲／飢えへの強さ／寒さへの強さ／言葉の覚え／体で覚える力,色欲／野心／社交／必要睡眠／気分の振れ幅,長期の記憶／集中,集中／手先の器用さ／長期の記憶／論理／忍耐／信心／伝承意欲／言葉の覚え,修道院学校は身分を問わない唯一の入口。色欲が高いと続かないのが最大の脱落条件で 必要睡眠が高い者は夜の勤めで脱落する。写本・薬・醸造を担うので手先の器用さと集中が伸びる。
異端審問,宗教,嘘を見抜く／論理／信心／残酷さ,観察／人読み／長期の記憶／想起の速さ／弁舌／執念／図太さ／場を読む／聴力／慎重／序列意識／短期の記憶,情／信じやすさ／気分の振れ幅／口の軽さ／色欲,論理／長期の記憶,嘘を見抜く／論理／観察／人読み／残酷さ／図太さ／場を読む,正統と異端の区別がある＝教義が固まってから現れる。殺した数だけ残酷さが育ち 殺された側の家系に体制怨恨が刻まれて3世代後に返る。冤罪が最も純度の高い恨みを生む。
農奴,外れ者,なし,忍耐／従順／持久力／飢えへの強さ／腹の丈夫さ／病への強さ／歯の丈夫さ／郷土愛／信心／体幹／勤勉／最大筋力,野心／誇り／理解の速さ／他責／執念,なし,忍耐／持久力／飢えへの強さ／腹の丈夫さ／郷土愛／他責／図太さ,就くのに要るステが1つも無い。だから職ではなく居場所。野心と序列意識が同時に高い農奴が体制怨恨の主要な入口になる。理解の速さが高い者ほど命令の筋の通らなさに気づいて壊れる。邪魔な他責が この居場所にいるほど育つので 外れ者を溜めるほど体制怨恨が濃くなる。
乞食,外れ者,なし,容姿／声／弁舌／人読み／場を読む／病への強さ／腹の丈夫さ／飢えへの強さ／寒さへの強さ／機転／嘘のうまさ／図太さ,誇り／潔癖／名誉欲／郷土愛,なし,人読み／場を読む／嘘のうまさ／図太さ／腹の丈夫さ／機転／他責,誇りが高い者はここに落ちる前に死ぬ。落ちてこられること自体が資質になる唯一の居場所。顔を知られた土地では乞えないので郷土愛が邪魔になる。
盗賊,外れ者,敏捷／観察／度胸／貪欲,夜目／聴力／手先の器用さ／道と方角の覚え／機転／嘘のうまさ／走力／柔軟性／握力／人読み／残酷さ／図太さ,正直さ／郷土愛／信心／口の軽さ／潔癖,夜目／敏捷,敏捷／観察／機転／嘘のうまさ／手先の器用さ／道と方角の覚え／残酷さ／図太さ,捕まれば手を落とされ二度と手仕事に戻れない。落ちる先が一方通行になる数少ない居場所。錠と閂を扱うので手先の器用さが伸びる。
娼婦,外れ者,容姿／場を読む／人読み／図太さ,声／社交／弁舌／嘘のうまさ／酒への強さ／病への強さ／機転／顔と名前の覚え／色欲／忍耐／観察,繁殖力／情／潔癖／誇り／嫉妬,容姿,場を読む／人読み／図太さ／嘘のうまさ／社交／機転／酒への強さ,女のみ。容姿は伸びしろが小さく老いで確実に落ちるので 老いた時点で立場を失う構造が最も露骨に出る居場所。繁殖力が高いと働けず 父の分からない子が血統と相続を濁す。客の近くに立つので秘密を最も早く知る。
死刑執行人,外れ者,残酷さ／図太さ／最大筋力／体で覚える力,手先の器用さ／握力／手の大きさ／観察／体幹／肩幅／忍耐／従順／伝承意欲／打たれ強さ／病への強さ／集中,情／潔癖／嗅覚／気分の振れ幅／社交,残酷さ,残酷さ／図太さ／体で覚える力／手先の器用さ／忍耐／伝承意欲,世襲の外れ者で粛清を実行するので恨みの結節点になる。情が高いと壊れるが 世襲なので閾値を満たさない子が継ぎ 家系は抜けられない（伝承意欲の悪い面がそのまま出る）。一撃で落とせないと苦痛が長引くので手先の器用さが要る。
